Category,Filename,URL,Width,Height,Source
landscape mountains,landscape_mountains_0.jpeg,https://images.pexels.com/photos/31017418/pexels-photo-31017418.jpeg?auto=compress&cs=tinysrgb&h=650&w=940,940,529,pexels
landscape mountains,landscape_mountains_1.jpeg,https://images.pexels.com/photos/31007368/pexels-photo-31007368.jpeg?auto=compress&cs=tinysrgb&h=650&w=940,940,627,pexels
landscape mountains,landscape_mountains_2.jpeg,https://images.pexels.com/photos/31014023/pexels-photo-31014023.jpeg?auto=compress&cs=tinysrgb&h=650&w=940,940,627,pexels
landscape mountains,landscape_mountains_3.jpeg,https://images.pexels.com/photos/30995196/pexels-photo-30995196.jpeg?auto=compress&cs=tinysrgb&h=650&w=940,940,456,pexels
landscape mountains,landscape_mountains_4.jpeg,https://images.pexels.com/photos/31008132/pexels-photo-31008132.jpeg?auto=compress&cs=tinysrgb&h=650&w=940,433,650,pexels
landscape mountains,landscape_mountains_5.jpeg,https://images.pexels.com/photos/30953370/pexels-photo-30953370.jpeg?auto=compress&cs=tinysrgb&h=650&w=940,940,627,pexels
landscape mountains,landscape_mountains_6.jpeg,https://images.pexels.com/photos/31001727/pexels-photo-31001727.jpeg?auto=compress&cs=tinysrgb&h=650&w=940,940,628,pexels
landscape mountains,landscape_mountains_7.jpeg,https://images.pexels.com/photos/31012607/pexels-photo-31012607.jpeg?auto=compress&cs=tinysrgb&h=650&w=940,940,627,pexels
landscape mountains,landscape_mountains_8.jpeg,https://images.pexels.com/photos/30995340/pexels-photo-30995340.jpeg?auto=compress&cs=tinysrgb&h=650&w=940,418,650,pexels
landscape mountains,landscape_mountains_9.jpeg,https://images.pexels.com/photos/30986919/pexels-photo-30986919.jpeg?auto=compress&cs=tinysrgb&h=650&w=940,488,650,pexels
landscape mountains,landscape_mountains_10.jpeg,https://images.pexels.com/photos/31008026/pexels-photo-31008026.jpeg?auto=compress&cs=tinysrgb&h=650&w=940,433,650,pexels
landscape mountains,landscape_mountains_11.jpeg,https://images.pexels.com/photos/31020207/pexels-photo-31020207.jpeg?auto=compress&cs=tinysrgb&h=650&w=940,940,627,pexels
landscape mountains,landscape_mountains_12.jpeg,https://images.pexels.com/photos/30993092/pexels-photo-30993092.jpeg?auto=compress&cs=tinysrgb&h=650&w=940,940,627,pexels
landscape mountains,landscape_mountains_13.jpeg,https://images.pexels.com/photos/31012268/pexels-photo-31012268.jpeg?auto=compress&cs=tinysrgb&h=650&w=940,940,626,pexels
landscape mountains,landscape_mountains_14.jpeg,https://images.pexels.com/photos/31006699/pexels-photo-31006699.jpeg?auto=compress&cs=tinysrgb&h=650&w=940,940,627,pexels
landscape mountains,landscape_mountains_15.jpeg,https://images.pexels.com/photos/31006465/pexels-photo-31006465.jpeg?auto=compress&cs=tinysrgb&h=650&w=940,940,627,pexels
landscape mountains,landscape_mountains_16.jpeg,https://images.pexels.com/photos/31001484/pexels-photo-31001484.jpeg?auto=compress&cs=tinysrgb&h=650&w=940,940,627,pexels
landscape mountains,landscape_mountains_17.jpeg,https://images.pexels.com/photos/31006986/pexels-photo-31006986.jpeg?auto=compress&cs=tinysrgb&h=650&w=940,940,627,pexels
landscape mountains,landscape_mountains_18.jpeg,https://images.pexels.com/photos/31006696/pexels-photo-31006696.jpeg?auto=compress&cs=tinysrgb&h=650&w=940,940,627,pexels
landscape mountains,landscape_mountains_19.jpeg,https://images.pexels.com/photos/31012045/pexels-photo-31012045.jpeg?auto=compress&cs=tinysrgb&h=650&w=940,940,627,pexels
landscape mountains,landscape_mountains_20.jpeg,https://images.pexels.com/photos/30972872/pexels-photo-30972872.jpeg?auto=compress&cs=tinysrgb&h=650&w=940,940,587,pexels
landscape mountains,landscape_mountains_21.jpeg,https://images.pexels.com/photos/31012041/pexels-photo-31012041.jpeg?auto=compress&cs=tinysrgb&h=650&w=940,940,627,pexels
landscape mountains,landscape_mountains_22.jpeg,https://images.pexels.com/photos/31018143/pexels-photo-31018143.jpeg?auto=compress&cs=tinysrgb&h=650&w=940,940,627,pexels
landscape mountains,landscape_mountains_23.jpeg,https://images.pexels.com/photos/31012013/pexels-photo-31012013.jpeg?auto=compress&cs=tinysrgb&h=650&w=940,940,627,pexels
landscape mountains,landscape_mountains_24.jpeg,https://images.pexels.com/photos/30999404/pexels-photo-30999404.jpeg?auto=compress&cs=tinysrgb&h=650&w=940,940,628,pexels
landscape mountains,landscape_mountains_25.jpeg,https://images.pexels.com/photos/31012501/pexels-photo-31012501.jpeg?auto=compress&cs=tinysrgb&h=650&w=940,940,627,pexels
landscape mountains,landscape_mountains_26.jpeg,https://images.pexels.com/photos/31012579/pexels-photo-31012579.jpeg?auto=compress&cs=tinysrgb&h=650&w=940,940,526,pexels
landscape mountains,landscape_mountains_27.jpeg,https://images.pexels.com/photos/31012032/pexels-photo-31012032.jpeg?auto=compress&cs=tinysrgb&h=650&w=940,434,650,pexels
landscape mountains,landscape_mountains_28.jpeg,https://images.pexels.com/photos/31001508/pexels-photo-31001508.jpeg?auto=compress&cs=tinysrgb&h=650&w=940,940,627,pexels
landscape mountains,landscape_mountains_29.jpeg,https://images.pexels.com/photos/31010694/pexels-photo-31010694.jpeg?auto=compress&cs=tinysrgb&h=650&w=940,867,650,pexels
landscape mountains,landscape_mountains_30.jpeg,https://images.pexels.com/photos/31001499/pexels-photo-31001499.jpeg?auto=compress&cs=tinysrgb&h=650&w=940,940,627,pexels
landscape mountains,landscape_mountains_31.jpeg,https://images.pexels.com/photos/31006697/pexels-photo-31006697.jpeg?auto=compress&cs=tinysrgb&h=650&w=940,940,627,pexels
landscape mountains,landscape_mountains_32.jpeg,https://images.pexels.com/photos/30972889/pexels-photo-30972889.jpeg?auto=compress&cs=tinysrgb&h=650&w=940,940,587,pexels
landscape mountains,landscape_mountains_33.jpeg,https://images.pexels.com/photos/31006702/pexels-photo-31006702.jpeg?auto=compress&cs=tinysrgb&h=650&w=940,940,627,pexels
landscape mountains,landscape_mountains_34.jpeg,https://images.pexels.com/photos/30999823/pexels-photo-30999823.jpeg?auto=compress&cs=tinysrgb&h=650&w=940,488,650,pexels
landscape mountains,landscape_mountains_35.jpeg,https://images.pexels.com/photos/31018819/pexels-photo-31018819.jpeg?auto=compress&cs=tinysrgb&h=650&w=940,940,627,pexels
landscape mountains,landscape_mountains_36.jpeg,https://images.pexels.com/photos/30972885/pexels-photo-30972885.jpeg?auto=compress&cs=tinysrgb&h=650&w=940,940,633,pexels
landscape mountains,landscape_mountains_37.jpeg,https://images.pexels.com/photos/31012044/pexels-photo-31012044.jpeg?auto=compress&cs=tinysrgb&h=650&w=940,940,627,pexels
landscape mountains,landscape_mountains_38.jpeg,https://images.pexels.com/photos/31012025/pexels-photo-31012025.jpeg?auto=compress&cs=tinysrgb&h=650&w=940,940,627,pexels
landscape mountains,landscape_mountains_39.jpeg,https://images.pexels.com/photos/31001487/pexels-photo-31001487.jpeg?auto=compress&cs=tinysrgb&h=650&w=940,940,627,pexels
landscape mountains,landscape_mountains_40.jpeg,https://images.pexels.com/photos/30998371/pexels-photo-30998371.jpeg?auto=compress&cs=tinysrgb&h=650&w=940,940,539,pexels
landscape mountains,landscape_mountains_41.jpeg,https://images.pexels.com/photos/31008051/pexels-photo-31008051.jpeg?auto=compress&cs=tinysrgb&h=650&w=940,520,650,pexels
landscape mountains,landscape_mountains_42.jpeg,https://images.pexels.com/photos/31018823/pexels-photo-31018823.jpeg?auto=compress&cs=tinysrgb&h=650&w=940,940,627,pexels
landscape mountains,landscape_mountains_43.jpeg,https://images.pexels.com/photos/30987511/pexels-photo-30987511.jpeg?auto=compress&cs=tinysrgb&h=650&w=940,366,650,pexels
landscape mountains,landscape_mountains_44.jpeg,https://images.pexels.com/photos/30972869/pexels-photo-30972869.jpeg?auto=compress&cs=tinysrgb&h=650&w=940,435,650,pexels
landscape mountains,landscape_mountains_45.jpeg,https://images.pexels.com/photos/31001002/pexels-photo-31001002.jpeg?auto=compress&cs=tinysrgb&h=650&w=940,433,650,pexels
landscape mountains,landscape_mountains_46.jpeg,https://images.pexels.com/photos/31010568/pexels-photo-31010568.jpeg?auto=compress&cs=tinysrgb&h=650&w=940,433,650,pexels
landscape mountains,landscape_mountains_47.jpeg,https://images.pexels.com/photos/31012015/pexels-photo-31012015.jpeg?auto=compress&cs=tinysrgb&h=650&w=940,940,627,pexels
landscape mountains,landscape_mountains_48.jpeg,https://images.pexels.com/photos/31012020/pexels-photo-31012020.jpeg?auto=compress&cs=tinysrgb&h=650&w=940,940,627,pexels
landscape mountains,landscape_mountains_49.jpeg,https://images.pexels.com/photos/31018824/pexels-photo-31018824.jpeg?auto=compress&cs=tinysrgb&h=650&w=940,940,627,pexels
urban architecture,urban_architecture_0.jpeg,https://images.pexels.com/photos/31023938/pexels-photo-31023938.jpeg?auto=compress&cs=tinysrgb&h=650&w=940,433,650,pexels
urban architecture,urban_architecture_1.jpeg,https://images.pexels.com/photos/30989491/pexels-photo-30989491.jpeg?auto=compress&cs=tinysrgb&h=650&w=940,488,650,pexels
urban architecture,urban_architecture_2.jpeg,https://images.pexels.com/photos/30974491/pexels-photo-30974491.jpeg?auto=compress&cs=tinysrgb&h=650&w=940,940,627,pexels
urban architecture,urban_architecture_3.jpeg,https://images.pexels.com/photos/31005367/pexels-photo-31005367.jpeg?auto=compress&cs=tinysrgb&h=650&w=940,940,627,pexels
urban architecture,urban_architecture_4.jpeg,https://images.pexels.com/photos/30947538/pexels-photo-30947538.jpeg?auto=compress&cs=tinysrgb&h=650&w=940,433,650,pexels
urban architecture,urban_architecture_5.jpeg,https://images.pexels.com/photos/30993529/pexels-photo-30993529.jpeg?auto=compress&cs=tinysrgb&h=650&w=940,940,628,pexels
urban architecture,urban_architecture_6.jpeg,https://images.pexels.com/photos/30977311/pexels-photo-30977311.jpeg?auto=compress&cs=tinysrgb&h=650&w=940,896,650,pexels
urban architecture,urban_architecture_7.jpeg,https://images.pexels.com/photos/30990192/pexels-photo-30990192.jpeg?auto=compress&cs=tinysrgb&h=650&w=940,940,644,pexels
urban architecture,urban_architecture_8.jpeg,https://images.pexels.com/photos/31022990/pexels-photo-31022990.jpeg?auto=compress&cs=tinysrgb&h=650&w=940,366,650,pexels
urban architecture,urban_architecture_9.jpeg,https://images.pexels.com/photos/30971290/pexels-photo-30971290.jpeg?auto=compress&cs=tinysrgb&h=650&w=940,938,650,pexels
urban architecture,urban_architecture_10.jpeg,https://images.pexels.com/photos/31020138/pexels-photo-31020138.jpeg?auto=compress&cs=tinysrgb&h=650&w=940,488,650,pexels
urban architecture,urban_architecture_11.jpeg,https://images.pexels.com/photos/31011991/pexels-photo-31011991.jpeg?auto=compress&cs=tinysrgb&h=650&w=940,433,650,pexels
urban architecture,urban_architecture_12.jpeg,https://images.pexels.com/photos/31001107/pexels-photo-31001107.jpeg?auto=compress&cs=tinysrgb&h=650&w=940,366,650,pexels
urban architecture,urban_architecture_13.jpeg,https://images.pexels.com/photos/31000147/pexels-photo-31000147.jpeg?auto=compress&cs=tinysrgb&h=650&w=940,940,587,pexels
urban architecture,urban_architecture_14.jpeg,https://images.pexels.com/photos/30987208/pexels-photo-30987208.jpeg?auto=compress&cs=tinysrgb&h=650&w=940,940,627,pexels
urban architecture,urban_architecture_15.jpeg,https://images.pexels.com/photos/30977249/pexels-photo-30977249.jpeg?auto=compress&cs=tinysrgb&h=650&w=940,520,650,pexels
urban architecture,urban_architecture_16.jpeg,https://images.pexels.com/photos/30950142/pexels-photo-30950142.jpeg?auto=compress&cs=tinysrgb&h=650&w=940,433,650,pexels
urban architecture,urban_architecture_17.jpeg,https://images.pexels.com/photos/30969764/pexels-photo-30969764.jpeg?auto=compress&cs=tinysrgb&h=650&w=940,940,627,pexels
urban architecture,urban_architecture_18.jpeg,https://images.pexels.com/photos/30964790/pexels-photo-30964790.jpeg?auto=compress&cs=tinysrgb&h=650&w=940,465,650,pexels
urban architecture,urban_architecture_19.jpeg,https://images.pexels.com/photos/31009518/pexels-photo-31009518.jpeg?auto=compress&cs=tinysrgb&h=650&w=940,366,650,pexels
urban architecture,urban_architecture_20.jpeg,https://images.pexels.com/photos/30969124/pexels-photo-30969124.jpeg?auto=compress&cs=tinysrgb&h=650&w=940,940,627,pexels
urban architecture,urban_architecture_21.jpeg,https://images.pexels.com/photos/30950135/pexels-photo-30950135.jpeg?auto=compress&cs=tinysrgb&h=650&w=940,433,650,pexels
urban architecture,urban_architecture_22.jpeg,https://images.pexels.com/photos/30967761/pexels-photo-30967761.jpeg?auto=compress&cs=tinysrgb&h=650&w=940,488,650,pexels
urban architecture,urban_architecture_23.jpeg,https://images.pexels.com/photos/31016276/pexels-photo-31016276.jpeg?auto=compress&cs=tinysrgb&h=650&w=940,940,529,pexels
urban architecture,urban_architecture_24.jpeg,https://images.pexels.com/photos/30966061/pexels-photo-30966061.jpeg?auto=compress&cs=tinysrgb&h=650&w=940,867,650,pexels
urban architecture,urban_architecture_25.jpeg,https://images.pexels.com/photos/30993528/pexels-photo-30993528.jpeg?auto=compress&cs=tinysrgb&h=650&w=940,434,650,pexels
urban architecture,urban_architecture_26.jpeg,https://images.pexels.com/photos/31001136/pexels-photo-31001136.jpeg?auto=compress&cs=tinysrgb&h=650&w=940,433,650,pexels
urban architecture,urban_architecture_27.jpeg,https://images.pexels.com/photos/30938940/pexels-photo-30938940.jpeg?auto=compress&cs=tinysrgb&h=650&w=940,940,627,pexels
urban architecture,urban_architecture_28.jpeg,https://images.pexels.com/photos/31022578/pexels-photo-31022578.jpeg?auto=compress&cs=tinysrgb&h=650&w=940,940,627,pexels
urban architecture,urban_architecture_29.jpeg,https://images.pexels.com/photos/30966066/pexels-photo-30966066.jpeg?auto=compress&cs=tinysrgb&h=650&w=940,488,650,pexels
urban architecture,urban_architecture_30.jpeg,https://images.pexels.com/photos/30990635/pexels-photo-30990635.jpeg?auto=compress&cs=tinysrgb&h=650&w=940,940,627,pexels
urban architecture,urban_architecture_31.jpeg,https://images.pexels.com/photos/31019716/pexels-photo-31019716.jpeg?auto=compress&cs=tinysrgb&h=650&w=940,440,650,pexels
urban architecture,urban_architecture_32.jpeg,https://images.pexels.com/photos/30993531/pexels-photo-30993531.jpeg?auto=compress&cs=tinysrgb&h=650&w=940,434,650,pexels
urban architecture,urban_architecture_33.jpeg,https://images.pexels.com/photos/30949638/pexels-photo-30949638.jpeg?auto=compress&cs=tinysrgb&h=650&w=940,366,650,pexels
urban architecture,urban_architecture_34.jpeg,https://images.pexels.com/photos/31005675/pexels-photo-31005675.jpeg?auto=compress&cs=tinysrgb&h=650&w=940,940,625,pexels
urban architecture,urban_architecture_35.jpeg,https://images.pexels.com/photos/31022558/pexels-photo-31022558.jpeg?auto=compress&cs=tinysrgb&h=650&w=940,940,627,pexels
urban architecture,urban_architecture_36.jpeg,https://images.pexels.com/photos/30931574/pexels-photo-30931574.jpeg?auto=compress&cs=tinysrgb&h=650&w=940,433,650,pexels
urban architecture,urban_architecture_37.jpeg,https://images.pexels.com/photos/30972477/pexels-photo-30972477.jpeg?auto=compress&cs=tinysrgb&h=650&w=940,433,650,pexels
urban architecture,urban_architecture_38.jpeg,https://images.pexels.com/photos/30967522/pexels-photo-30967522.jpeg?auto=compress&cs=tinysrgb&h=650&w=940,521,650,pexels
urban architecture,urban_architecture_39.jpeg,https://images.pexels.com/photos/30970500/pexels-photo-30970500.jpeg?auto=compress&cs=tinysrgb&h=650&w=940,433,650,pexels
urban architecture,urban_architecture_40.jpeg,https://images.pexels.com/photos/30977046/pexels-photo-30977046.jpeg?auto=compress&cs=tinysrgb&h=650&w=940,366,650,pexels
urban architecture,urban_architecture_41.jpeg,https://images.pexels.com/photos/31007779/pexels-photo-31007779.jpeg?auto=compress&cs=tinysrgb&h=650&w=940,940,627,pexels
urban architecture,urban_architecture_42.jpeg,https://images.pexels.com/photos/30994197/pexels-photo-30994197.jpeg?auto=compress&cs=tinysrgb&h=650&w=940,433,650,pexels
urban architecture,urban_architecture_43.jpeg,https://images.pexels.com/photos/31006910/pexels-photo-31006910.jpeg?auto=compress&cs=tinysrgb&h=650&w=940,488,650,pexels
urban architecture,urban_architecture_44.jpeg,https://images.pexels.com/photos/31024592/pexels-photo-31024592.jpeg?auto=compress&cs=tinysrgb&h=650&w=940,433,650,pexels
urban architecture,urban_architecture_45.jpeg,https://images.pexels.com/photos/30939051/pexels-photo-30939051.jpeg?auto=compress&cs=tinysrgb&h=650&w=940,866,650,pexels
urban architecture,urban_architecture_46.jpeg,https://images.pexels.com/photos/31023656/pexels-photo-31023656.jpeg?auto=compress&cs=tinysrgb&h=650&w=940,520,650,pexels
urban architecture,urban_architecture_47.jpeg,https://images.pexels.com/photos/31009818/pexels-photo-31009818.jpeg?auto=compress&cs=tinysrgb&h=650&w=940,348,650,pexels
urban architecture,urban_architecture_48.jpeg,https://images.pexels.com/photos/30970484/pexels-photo-30970484.jpeg?auto=compress&cs=tinysrgb&h=650&w=940,433,650,pexels
urban architecture,urban_architecture_49.jpeg,https://images.pexels.com/photos/30950156/pexels-photo-30950156.jpeg?auto=compress&cs=tinysrgb&h=650&w=940,940,627,pexels
animals wildlife,animals_wildlife_0.jpeg,https://images.pexels.com/photos/1416792/pexels-photo-1416792.jpeg?auto=compress&cs=tinysrgb&h=650&w=940,940,627,pexels
animals wildlife,animals_wildlife_1.jpeg,https://images.pexels.com/photos/30994792/pexels-photo-30994792.jpeg?auto=compress&cs=tinysrgb&h=650&w=940,940,601,pexels
animals wildlife,animals_wildlife_2.jpeg,https://images.pexels.com/photos/30959701/pexels-photo-30959701.jpeg?auto=compress&cs=tinysrgb&h=650&w=940,487,650,pexels
animals wildlife,animals_wildlife_3.jpeg,https://images.pexels.com/photos/13440855/pexels-photo-13440855.jpeg?auto=compress&cs=tinysrgb&h=650&w=940,433,650,pexels
animals wildlife,animals_wildlife_4.jpeg,https://images.pexels.com/photos/30985852/pexels-photo-30985852.jpeg?auto=compress&cs=tinysrgb&h=650&w=940,940,627,pexels
animals wildlife,animals_wildlife_5.jpeg,https://images.pexels.com/photos/12792222/pexels-photo-12792222.jpeg?auto=compress&cs=tinysrgb&h=650&w=940,520,650,pexels
animals wildlife,animals_wildlife_6.jpeg,https://images.pexels.com/photos/30981524/pexels-photo-30981524.jpeg?auto=compress&cs=tinysrgb&h=650&w=940,940,627,pexels
animals wildlife,animals_wildlife_7.jpeg,https://images.pexels.com/photos/30975366/pexels-photo-30975366.jpeg?auto=compress&cs=tinysrgb&h=650&w=940,433,650,pexels
animals wildlife,animals_wildlife_8.jpeg,https://images.pexels.com/photos/17406674/pexels-photo-17406674.jpeg?auto=compress&cs=tinysrgb&h=650&w=940,940,627,pexels
animals wildlife,animals_wildlife_9.jpeg,https://images.pexels.com/photos/30989835/pexels-photo-30989835.jpeg?auto=compress&cs=tinysrgb&h=650&w=940,940,627,pexels
animals wildlife,animals_wildlife_10.jpeg,https://images.pexels.com/photos/3306259/pexels-photo-3306259.jpeg?auto=compress&cs=tinysrgb&h=650&w=940,867,650,pexels
animals wildlife,animals_wildlife_11.jpeg,https://images.pexels.com/photos/12278086/pexels-photo-12278086.jpeg?auto=compress&cs=tinysrgb&h=650&w=940,940,628,pexels
animals wildlife,animals_wildlife_12.jpeg,https://images.pexels.com/photos/54462/gulls-bird-fly-coast-54462.jpeg?auto=compress&cs=tinysrgb&h=650&w=940,940,624,pexels
animals wildlife,animals_wildlife_13.jpeg,https://images.pexels.com/photos/7001092/pexels-photo-7001092.jpeg?auto=compress&cs=tinysrgb&h=650&w=940,940,627,pexels
animals wildlife,animals_wildlife_14.jpeg,https://images.pexels.com/photos/31008205/pexels-photo-31008205.jpeg?auto=compress&cs=tinysrgb&h=650&w=940,433,650,pexels
animals wildlife,animals_wildlife_15.jpeg,https://images.pexels.com/photos/31001472/pexels-photo-31001472.jpeg?auto=compress&cs=tinysrgb&h=650&w=940,940,627,pexels
animals wildlife,animals_wildlife_16.jpeg,https://images.pexels.com/photos/30998090/pexels-photo-30998090.jpeg?auto=compress&cs=tinysrgb&h=650&w=940,940,627,pexels
animals wildlife,animals_wildlife_17.jpeg,https://images.pexels.com/photos/2313396/pexels-photo-2313396.jpeg?auto=compress&cs=tinysrgb&h=650&w=940,433,650,pexels
animals wildlife,animals_wildlife_18.jpeg,https://images.pexels.com/photos/3408348/pexels-photo-3408348.jpeg?auto=compress&cs=tinysrgb&h=650&w=940,940,614,pexels
animals wildlife,animals_wildlife_19.jpeg,https://images.pexels.com/photos/30994785/pexels-photo-30994785.jpeg?auto=compress&cs=tinysrgb&h=650&w=940,940,619,pexels
animals wildlife,animals_wildlife_20.jpeg,https://images.pexels.com/photos/29644626/pexels-photo-29644626.jpeg?auto=compress&cs=tinysrgb&h=650&w=940,433,650,pexels
animals wildlife,animals_wildlife_21.jpeg,https://images.pexels.com/photos/30989971/pexels-photo-30989971.jpeg?auto=compress&cs=tinysrgb&h=650&w=940,867,650,pexels
animals wildlife,animals_wildlife_22.jpeg,https://images.pexels.com/photos/30949198/pexels-photo-30949198.jpeg?auto=compress&cs=tinysrgb&h=650&w=940,867,650,pexels
animals wildlife,animals_wildlife_23.jpeg,https://images.pexels.com/photos/2570524/pexels-photo-2570524.jpeg?auto=compress&cs=tinysrgb&h=650&w=940,877,650,pexels
animals wildlife,animals_wildlife_24.jpeg,https://images.pexels.com/photos/3608263/pexels-photo-3608263.jpeg?auto=compress&cs=tinysrgb&h=650&w=940,435,650,pexels
animals wildlife,animals_wildlife_25.jpeg,https://images.pexels.com/photos/30955048/pexels-photo-30955048.jpeg?auto=compress&cs=tinysrgb&h=650&w=940,940,604,pexels
animals wildlife,animals_wildlife_26.jpeg,https://images.pexels.com/photos/30985929/pexels-photo-30985929.jpeg?auto=compress&cs=tinysrgb&h=650&w=940,940,627,pexels
animals wildlife,animals_wildlife_27.jpeg,https://images.pexels.com/photos/60692/bird-animal-nature-strauss-60692.jpeg?auto=compress&cs=tinysrgb&h=650&w=940,940,511,pexels
animals wildlife,animals_wildlife_28.jpeg,https://images.pexels.com/photos/133459/pexels-photo-133459.jpeg?auto=compress&cs=tinysrgb&h=650&w=940,940,627,pexels
animals wildlife,animals_wildlife_29.jpeg,https://images.pexels.com/photos/30989981/pexels-photo-30989981.jpeg?auto=compress&cs=tinysrgb&h=650&w=940,867,650,pexels
animals wildlife,animals_wildlife_30.jpeg,https://images.pexels.com/photos/28579932/pexels-photo-28579932.jpeg?auto=compress&cs=tinysrgb&h=650&w=940,867,650,pexels
animals wildlife,animals_wildlife_31.jpeg,https://images.pexels.com/photos/1181181/pexels-photo-1181181.jpeg?auto=compress&cs=tinysrgb&h=650&w=940,433,650,pexels
animals wildlife,animals_wildlife_32.jpeg,https://images.pexels.com/photos/730539/pexels-photo-730539.jpeg?auto=compress&cs=tinysrgb&h=650&w=940,670,650,pexels
animals wildlife,animals_wildlife_33.jpeg,https://images.pexels.com/photos/3010291/pexels-photo-3010291.jpeg?auto=compress&cs=tinysrgb&h=650&w=940,433,650,pexels
animals wildlife,animals_wildlife_34.jpeg,https://images.pexels.com/photos/30989970/pexels-photo-30989970.jpeg?auto=compress&cs=tinysrgb&h=650&w=940,867,650,pexels
animals wildlife,animals_wildlife_35.jpeg,https://images.pexels.com/photos/31009021/pexels-photo-31009021.jpeg?auto=compress&cs=tinysrgb&h=650&w=940,940,627,pexels
animals wildlife,animals_wildlife_36.jpeg,https://images.pexels.com/photos/30994789/pexels-photo-30994789.jpeg?auto=compress&cs=tinysrgb&h=650&w=940,940,627,pexels
animals wildlife,animals_wildlife_37.jpeg,https://images.pexels.com/photos/4934920/pexels-photo-4934920.jpeg?auto=compress&cs=tinysrgb&h=650&w=940,462,650,pexels
animals wildlife,animals_wildlife_38.jpeg,https://images.pexels.com/photos/52500/horse-herd-fog-nature-52500.jpeg?auto=compress&cs=tinysrgb&h=650&w=940,940,627,pexels
animals wildlife,animals_wildlife_39.jpeg,https://images.pexels.com/photos/1319572/pexels-photo-1319572.jpeg?auto=compress&cs=tinysrgb&h=650&w=940,940,627,pexels
animals wildlife,animals_wildlife_40.jpeg,https://images.pexels.com/photos/30931582/pexels-photo-30931582.jpeg?auto=compress&cs=tinysrgb&h=650&w=940,433,650,pexels
animals wildlife,animals_wildlife_41.jpeg,https://images.pexels.com/photos/3280908/pexels-photo-3280908.jpeg?auto=compress&cs=tinysrgb&h=650&w=940,940,625,pexels
animals wildlife,animals_wildlife_42.jpeg,https://images.pexels.com/photos/1758918/pexels-photo-1758918.jpeg?auto=compress&cs=tinysrgb&h=650&w=940,488,650,pexels
animals wildlife,animals_wildlife_43.jpeg,https://images.pexels.com/photos/225869/pexels-photo-225869.jpeg?auto=compress&cs=tinysrgb&h=650&w=940,940,529,pexels
animals wildlife,animals_wildlife_44.jpeg,https://images.pexels.com/photos/29716033/pexels-photo-29716033.jpeg?auto=compress&cs=tinysrgb&h=650&w=940,940,627,pexels
animals wildlife,animals_wildlife_45.jpeg,https://images.pexels.com/photos/31009027/pexels-photo-31009027.jpeg?auto=compress&cs=tinysrgb&h=650&w=940,433,650,pexels
animals wildlife,animals_wildlife_46.jpeg,https://images.pexels.com/photos/106686/pexels-photo-106686.jpeg?auto=compress&cs=tinysrgb&h=650&w=940,649,650,pexels
animals wildlife,animals_wildlife_47.jpeg,https://images.pexels.com/photos/30937317/pexels-photo-30937317.jpeg?auto=compress&cs=tinysrgb&h=650&w=940,520,650,pexels
animals wildlife,animals_wildlife_48.jpeg,https://images.pexels.com/photos/28830743/pexels-photo-28830743.jpeg?auto=compress&cs=tinysrgb&h=650&w=940,433,650,pexels
animals wildlife,animals_wildlife_49.jpeg,https://images.pexels.com/photos/259554/pexels-photo-259554.jpeg?auto=compress&cs=tinysrgb&h=650&w=940,940,628,pexels
portraits people,portraits_people_0.jpeg,https://images.pexels.com/photos/5264851/pexels-photo-5264851.jpeg?auto=compress&cs=tinysrgb&h=650&w=940,433,650,pexels
portraits people,portraits_people_1.jpeg,https://images.pexels.com/photos/7706782/pexels-photo-7706782.jpeg?auto=compress&cs=tinysrgb&h=650&w=940,940,627,pexels
portraits people,portraits_people_2.jpeg,https://images.pexels.com/photos/24538728/pexels-photo-24538728.jpeg?auto=compress&cs=tinysrgb&h=650&w=940,433,650,pexels
portraits people,portraits_people_3.jpeg,https://images.pexels.com/photos/25568885/pexels-photo-25568885.jpeg?auto=compress&cs=tinysrgb&h=650&w=940,433,650,pexels
portraits people,portraits_people_4.jpeg,https://images.pexels.com/photos/3152431/pexels-photo-3152431.jpeg?auto=compress&cs=tinysrgb&h=650&w=940,450,650,pexels
portraits people,portraits_people_5.jpeg,https://images.pexels.com/photos/13336304/pexels-photo-13336304.jpeg?auto=compress&cs=tinysrgb&h=650&w=940,940,627,pexels
portraits people,portraits_people_6.jpeg,https://images.pexels.com/photos/24538739/pexels-photo-24538739.jpeg?auto=compress&cs=tinysrgb&h=650&w=940,433,650,pexels
portraits people,portraits_people_7.jpeg,https://images.pexels.com/photos/1662565/pexels-photo-1662565.jpeg?auto=compress&cs=tinysrgb&h=650&w=940,434,650,pexels
portraits people,portraits_people_8.jpeg,https://images.pexels.com/photos/25395480/pexels-photo-25395480.jpeg?auto=compress&cs=tinysrgb&h=650&w=940,433,650,pexels
portraits people,portraits_people_9.jpeg,https://images.pexels.com/photos/8430565/pexels-photo-8430565.jpeg?auto=compress&cs=tinysrgb&h=650&w=940,940,627,pexels
portraits people,portraits_people_10.jpeg,https://images.pexels.com/photos/5257822/pexels-photo-5257822.jpeg?auto=compress&cs=tinysrgb&h=650&w=940,433,650,pexels
portraits people,portraits_people_11.jpeg,https://images.pexels.com/photos/7095509/pexels-photo-7095509.jpeg?auto=compress&cs=tinysrgb&h=650&w=940,940,627,pexels
portraits people,portraits_people_12.jpeg,https://images.pexels.com/photos/8467933/pexels-photo-8467933.jpeg?auto=compress&cs=tinysrgb&h=650&w=940,433,650,pexels
portraits people,portraits_people_13.jpeg,https://images.pexels.com/photos/25388762/pexels-photo-25388762.jpeg?auto=compress&cs=tinysrgb&h=650&w=940,433,650,pexels
portraits people,portraits_people_14.jpeg,https://images.pexels.com/photos/27635097/pexels-photo-27635097.jpeg?auto=compress&cs=tinysrgb&h=650&w=940,433,650,pexels
portraits people,portraits_people_15.jpeg,https://images.pexels.com/photos/8542181/pexels-photo-8542181.jpeg?auto=compress&cs=tinysrgb&h=650&w=940,433,650,pexels
portraits people,portraits_people_16.jpeg,https://images.pexels.com/photos/25568878/pexels-photo-25568878.jpeg?auto=compress&cs=tinysrgb&h=650&w=940,433,650,pexels
portraits people,portraits_people_17.jpeg,https://images.pexels.com/photos/5012963/pexels-photo-5012963.jpeg?auto=compress&cs=tinysrgb&h=650&w=940,433,650,pexels
portraits people,portraits_people_18.jpeg,https://images.pexels.com/photos/10177653/pexels-photo-10177653.jpeg?auto=compress&cs=tinysrgb&h=650&w=940,940,627,pexels
portraits people,portraits_people_19.jpeg,https://images.pexels.com/photos/15004254/pexels-photo-15004254.jpeg?auto=compress&cs=tinysrgb&h=650&w=940,940,627,pexels
portraits people,portraits_people_20.jpeg,https://images.pexels.com/photos/6718759/pexels-photo-6718759.jpeg?auto=compress&cs=tinysrgb&h=650&w=940,433,650,pexels
portraits people,portraits_people_21.jpeg,https://images.pexels.com/photos/25394133/pexels-photo-25394133.jpeg?auto=compress&cs=tinysrgb&h=650&w=940,433,650,pexels
portraits people,portraits_people_22.jpeg,https://images.pexels.com/photos/7644792/pexels-photo-7644792.jpeg?auto=compress&cs=tinysrgb&h=650&w=940,433,650,pexels
portraits people,portraits_people_23.jpeg,https://images.pexels.com/photos/9391456/pexels-photo-9391456.jpeg?auto=compress&cs=tinysrgb&h=650&w=940,433,650,pexels
portraits people,portraits_people_24.jpeg,https://images.pexels.com/photos/3228724/pexels-photo-3228724.jpeg?auto=compress&cs=tinysrgb&h=650&w=940,940,627,pexels
portraits people,portraits_people_25.jpeg,https://images.pexels.com/photos/9881501/pexels-photo-9881501.jpeg?auto=compress&cs=tinysrgb&h=650&w=940,431,650,pexels
portraits people,portraits_people_26.jpeg,https://images.pexels.com/photos/2887718/pexels-photo-2887718.jpeg?auto=compress&cs=tinysrgb&h=650&w=940,520,650,pexels
portraits people,portraits_people_27.jpeg,https://images.pexels.com/photos/3419650/pexels-photo-3419650.jpeg?auto=compress&cs=tinysrgb&h=650&w=940,940,627,pexels
portraits people,portraits_people_28.jpeg,https://images.pexels.com/photos/9421336/pexels-photo-9421336.jpeg?auto=compress&cs=tinysrgb&h=650&w=940,433,650,pexels
portraits people,portraits_people_29.jpeg,https://images.pexels.com/photos/18773230/pexels-photo-18773230.jpeg?auto=compress&cs=tinysrgb&h=650&w=940,433,650,pexels
portraits people,portraits_people_30.jpeg,https://images.pexels.com/photos/5256436/pexels-photo-5256436.jpeg?auto=compress&cs=tinysrgb&h=650&w=940,940,623,pexels
portraits people,portraits_people_31.jpeg,https://images.pexels.com/photos/1778077/pexels-photo-1778077.jpeg?auto=compress&cs=tinysrgb&h=650&w=940,433,650,pexels
portraits people,portraits_people_32.jpeg,https://images.pexels.com/photos/4167541/pexels-photo-4167541.jpeg?auto=compress&cs=tinysrgb&h=650&w=940,433,650,pexels
portraits people,portraits_people_33.jpeg,https://images.pexels.com/photos/18626078/pexels-photo-18626078.jpeg?auto=compress&cs=tinysrgb&h=650&w=940,520,650,pexels
portraits people,portraits_people_34.jpeg,https://images.pexels.com/photos/12101734/pexels-photo-12101734.jpeg?auto=compress&cs=tinysrgb&h=650&w=940,433,650,pexels
portraits people,portraits_people_35.jpeg,https://images.pexels.com/photos/25388758/pexels-photo-25388758.jpeg?auto=compress&cs=tinysrgb&h=650&w=940,433,650,pexels
portraits people,portraits_people_36.jpeg,https://images.pexels.com/photos/2899932/pexels-photo-2899932.jpeg?auto=compress&cs=tinysrgb&h=650&w=940,433,650,pexels
portraits people,portraits_people_37.jpeg,https://images.pexels.com/photos/8933965/pexels-photo-8933965.jpeg?auto=compress&cs=tinysrgb&h=650&w=940,433,650,pexels
portraits people,portraits_people_38.jpeg,https://images.pexels.com/photos/18235086/pexels-photo-18235086.jpeg?auto=compress&cs=tinysrgb&h=650&w=940,433,650,pexels
portraits people,portraits_people_39.jpeg,https://images.pexels.com/photos/6270264/pexels-photo-6270264.jpeg?auto=compress&cs=tinysrgb&h=650&w=940,940,529,pexels
portraits people,portraits_people_40.jpeg,https://images.pexels.com/photos/4642268/pexels-photo-4642268.jpeg?auto=compress&cs=tinysrgb&h=650&w=940,433,650,pexels
portraits people,portraits_people_41.jpeg,https://images.pexels.com/photos/7986533/pexels-photo-7986533.jpeg?auto=compress&cs=tinysrgb&h=650&w=940,940,529,pexels
portraits people,portraits_people_42.jpeg,https://images.pexels.com/photos/4556683/pexels-photo-4556683.jpeg?auto=compress&cs=tinysrgb&h=650&w=940,433,650,pexels
portraits people,portraits_people_43.jpeg,https://images.pexels.com/photos/7479993/pexels-photo-7479993.jpeg?auto=compress&cs=tinysrgb&h=650&w=940,433,650,pexels
portraits people,portraits_people_44.jpeg,https://images.pexels.com/photos/18336444/pexels-photo-18336444.jpeg?auto=compress&cs=tinysrgb&h=650&w=940,433,650,pexels
portraits people,portraits_people_45.jpeg,https://images.pexels.com/photos/6321679/pexels-photo-6321679.jpeg?auto=compress&cs=tinysrgb&h=650&w=940,433,650,pexels
portraits people,portraits_people_46.jpeg,https://images.pexels.com/photos/10423579/pexels-photo-10423579.jpeg?auto=compress&cs=tinysrgb&h=650&w=940,433,650,pexels
portraits people,portraits_people_47.jpeg,https://images.pexels.com/photos/17300288/pexels-photo-17300288.jpeg?auto=compress&cs=tinysrgb&h=650&w=940,433,650,pexels
portraits people,portraits_people_48.jpeg,https://images.pexels.com/photos/5961254/pexels-photo-5961254.jpeg?auto=compress&cs=tinysrgb&h=650&w=940,940,627,pexels
portraits people,portraits_people_49.jpeg,https://images.pexels.com/photos/7205306/pexels-photo-7205306.jpeg?auto=compress&cs=tinysrgb&h=650&w=940,940,627,pexels
food cuisine,food_cuisine_0.jpeg,https://images.pexels.com/photos/31023376/pexels-photo-31023376.jpeg?auto=compress&cs=tinysrgb&h=650&w=940,433,650,pexels
food cuisine,food_cuisine_1.jpeg,https://images.pexels.com/photos/30987137/pexels-photo-30987137.jpeg?auto=compress&cs=tinysrgb&h=650&w=940,433,650,pexels
food cuisine,food_cuisine_2.jpeg,https://images.pexels.com/photos/30926951/pexels-photo-30926951.jpeg?auto=compress&cs=tinysrgb&h=650&w=940,433,650,pexels
food cuisine,food_cuisine_3.jpeg,https://images.pexels.com/photos/1630588/pexels-photo-1630588.jpeg?auto=compress&cs=tinysrgb&h=650&w=940,545,650,pexels
food cuisine,food_cuisine_4.jpeg,https://images.pexels.com/photos/30990197/pexels-photo-30990197.jpeg?auto=compress&cs=tinysrgb&h=650&w=940,524,650,pexels
food cuisine,food_cuisine_5.jpeg,https://images.pexels.com/photos/29843037/pexels-photo-29843037.jpeg?auto=compress&cs=tinysrgb&h=650&w=940,434,650,pexels
food cuisine,food_cuisine_6.jpeg,https://images.pexels.com/photos/31002116/pexels-photo-31002116.jpeg?auto=compress&cs=tinysrgb&h=650&w=940,433,650,pexels
food cuisine,food_cuisine_7.jpeg,https://images.pexels.com/photos/30469688/pexels-photo-30469688.jpeg?auto=compress&cs=tinysrgb&h=650&w=940,940,627,pexels
food cuisine,food_cuisine_8.jpeg,https://images.pexels.com/photos/30946359/pexels-photo-30946359.jpeg?auto=compress&cs=tinysrgb&h=650&w=940,434,650,pexels
food cuisine,food_cuisine_9.jpeg,https://images.pexels.com/photos/1337585/pexels-photo-1337585.jpeg?auto=compress&cs=tinysrgb&h=650&w=940,651,650,pexels
food cuisine,food_cuisine_10.jpeg,https://images.pexels.com/photos/2930966/pexels-photo-2930966.jpeg?auto=compress&cs=tinysrgb&h=650&w=940,433,650,pexels
food cuisine,food_cuisine_11.jpeg,https://images.pexels.com/photos/31016821/pexels-photo-31016821.jpeg?auto=compress&cs=tinysrgb&h=650&w=940,542,650,pexels
food cuisine,food_cuisine_12.jpeg,https://images.pexels.com/photos/31024963/pexels-photo-31024963.jpeg?auto=compress&cs=tinysrgb&h=650&w=940,940,528,pexels
food cuisine,food_cuisine_13.jpeg,https://images.pexels.com/photos/30910212/pexels-photo-30910212.jpeg?auto=compress&cs=tinysrgb&h=650&w=940,433,650,pexels
food cuisine,food_cuisine_14.jpeg,https://images.pexels.com/photos/30892984/pexels-photo-30892984.jpeg?auto=compress&cs=tinysrgb&h=650&w=940,433,650,pexels
food cuisine,food_cuisine_15.jpeg,https://images.pexels.com/photos/31023373/pexels-photo-31023373.jpeg?auto=compress&cs=tinysrgb&h=650&w=940,473,650,pexels
food cuisine,food_cuisine_16.jpeg,https://images.pexels.com/photos/31007224/pexels-photo-31007224.jpeg?auto=compress&cs=tinysrgb&h=650&w=940,366,650,pexels
food cuisine,food_cuisine_17.jpeg,https://images.pexels.com/photos/30911212/pexels-photo-30911212.jpeg?auto=compress&cs=tinysrgb&h=650&w=940,431,650,pexels
food cuisine,food_cuisine_18.jpeg,https://images.pexels.com/photos/31008747/pexels-photo-31008747.jpeg?auto=compress&cs=tinysrgb&h=650&w=940,366,650,pexels
food cuisine,food_cuisine_19.jpeg,https://images.pexels.com/photos/12904144/pexels-photo-12904144.jpeg?auto=compress&cs=tinysrgb&h=650&w=940,433,650,pexels
food cuisine,food_cuisine_20.jpeg,https://images.pexels.com/photos/4253320/pexels-photo-4253320.jpeg?auto=compress&cs=tinysrgb&h=650&w=940,433,650,pexels
food cuisine,food_cuisine_21.jpeg,https://images.pexels.com/photos/30982820/pexels-photo-30982820.jpeg?auto=compress&cs=tinysrgb&h=650&w=940,488,650,pexels
food cuisine,food_cuisine_22.jpeg,https://images.pexels.com/photos/31023372/pexels-photo-31023372.jpeg?auto=compress&cs=tinysrgb&h=650&w=940,441,650,pexels
food cuisine,food_cuisine_23.jpeg,https://images.pexels.com/photos/31002080/pexels-photo-31002080.jpeg?auto=compress&cs=tinysrgb&h=650&w=940,433,650,pexels
food cuisine,food_cuisine_24.jpeg,https://images.pexels.com/photos/1854652/pexels-photo-1854652.jpeg?auto=compress&cs=tinysrgb&h=650&w=940,433,650,pexels
food cuisine,food_cuisine_25.jpeg,https://images.pexels.com/photos/30939971/pexels-photo-30939971.jpeg?auto=compress&cs=tinysrgb&h=650&w=940,433,650,pexels
food cuisine,food_cuisine_26.jpeg,https://images.pexels.com/photos/3338497/pexels-photo-3338497.jpeg?auto=compress&cs=tinysrgb&h=650&w=940,434,650,pexels
food cuisine,food_cuisine_27.jpeg,https://images.pexels.com/photos/1055272/pexels-photo-1055272.jpeg?auto=compress&cs=tinysrgb&h=650&w=940,650,650,pexels
food cuisine,food_cuisine_28.jpeg,https://images.pexels.com/photos/31002085/pexels-photo-31002085.jpeg?auto=compress&cs=tinysrgb&h=650&w=940,488,650,pexels
food cuisine,food_cuisine_29.jpeg,https://images.pexels.com/photos/30948823/pexels-photo-30948823.jpeg?auto=compress&cs=tinysrgb&h=650&w=940,366,650,pexels
food cuisine,food_cuisine_30.jpeg,https://images.pexels.com/photos/31023370/pexels-photo-31023370.jpeg?auto=compress&cs=tinysrgb&h=650&w=940,433,650,pexels
food cuisine,food_cuisine_31.jpeg,https://images.pexels.com/photos/30969881/pexels-photo-30969881.jpeg?auto=compress&cs=tinysrgb&h=650&w=940,433,650,pexels
food cuisine,food_cuisine_32.jpeg,https://images.pexels.com/photos/31002119/pexels-photo-31002119.jpeg?auto=compress&cs=tinysrgb&h=650&w=940,940,627,pexels
food cuisine,food_cuisine_33.jpeg,https://images.pexels.com/photos/31002130/pexels-photo-31002130.jpeg?auto=compress&cs=tinysrgb&h=650&w=940,433,650,pexels
food cuisine,food_cuisine_34.jpeg,https://images.pexels.com/photos/784633/pexels-photo-784633.jpeg?auto=compress&cs=tinysrgb&h=650&w=940,433,650,pexels
food cuisine,food_cuisine_35.jpeg,https://images.pexels.com/photos/842571/pexels-photo-842571.jpeg?auto=compress&cs=tinysrgb&h=650&w=940,433,650,pexels
food cuisine,food_cuisine_36.jpeg,https://images.pexels.com/photos/30955827/pexels-photo-30955827.jpeg?auto=compress&cs=tinysrgb&h=650&w=940,433,650,pexels
food cuisine,food_cuisine_37.jpeg,https://images.pexels.com/photos/31002072/pexels-photo-31002072.jpeg?auto=compress&cs=tinysrgb&h=650&w=940,433,650,pexels
food cuisine,food_cuisine_38.jpeg,https://images.pexels.com/photos/30939498/pexels-photo-30939498.jpeg?auto=compress&cs=tinysrgb&h=650&w=940,433,650,pexels
food cuisine,food_cuisine_39.jpeg,https://images.pexels.com/photos/4259707/pexels-photo-4259707.jpeg?auto=compress&cs=tinysrgb&h=650&w=940,940,627,pexels
food cuisine,food_cuisine_40.jpeg,https://images.pexels.com/photos/30925469/pexels-photo-30925469.jpeg?auto=compress&cs=tinysrgb&h=650&w=940,433,650,pexels
food cuisine,food_cuisine_41.jpeg,https://images.pexels.com/photos/539451/pexels-photo-539451.jpeg?auto=compress&cs=tinysrgb&h=650&w=940,940,627,pexels
food cuisine,food_cuisine_42.jpeg,https://images.pexels.com/photos/1327838/pexels-photo-1327838.jpeg?auto=compress&cs=tinysrgb&h=650&w=940,597,650,pexels
food cuisine,food_cuisine_43.jpeg,https://images.pexels.com/photos/1640774/pexels-photo-1640774.jpeg?auto=compress&cs=tinysrgb&h=650&w=940,940,627,pexels
food cuisine,food_cuisine_44.jpeg,https://images.pexels.com/photos/31002100/pexels-photo-31002100.jpeg?auto=compress&cs=tinysrgb&h=650&w=940,940,627,pexels
food cuisine,food_cuisine_45.jpeg,https://images.pexels.com/photos/30993269/pexels-photo-30993269.jpeg?auto=compress&cs=tinysrgb&h=650&w=940,443,650,pexels
food cuisine,food_cuisine_46.jpeg,https://images.pexels.com/photos/30993325/pexels-photo-30993325.jpeg?auto=compress&cs=tinysrgb&h=650&w=940,433,650,pexels
food cuisine,food_cuisine_47.jpeg,https://images.pexels.com/photos/30981064/pexels-photo-30981064.png?auto=compress&cs=tinysrgb&h=650&w=940,940,624,pexels
food cuisine,food_cuisine_48.jpeg,https://images.pexels.com/photos/13788765/pexels-photo-13788765.jpeg?auto=compress&cs=tinysrgb&h=650&w=940,432,650,pexels
food cuisine,food_cuisine_49.jpeg,https://images.pexels.com/photos/31020417/pexels-photo-31020417.jpeg?auto=compress&cs=tinysrgb&h=650&w=940,940,625,pexels
space astronomy,space_astronomy_0.jpeg,https://images.pexels.com/photos/30968443/pexels-photo-30968443.jpeg?auto=compress&cs=tinysrgb&h=650&w=940,867,650,pexels
space astronomy,space_astronomy_1.jpeg,https://images.pexels.com/photos/30773173/pexels-photo-30773173.jpeg?auto=compress&cs=tinysrgb&h=650&w=940,433,650,pexels
space astronomy,space_astronomy_2.jpeg,https://images.pexels.com/photos/30938464/pexels-photo-30938464.jpeg?auto=compress&cs=tinysrgb&h=650&w=940,940,627,pexels
space astronomy,space_astronomy_3.jpeg,https://images.pexels.com/photos/2387877/pexels-photo-2387877.jpeg?auto=compress&cs=tinysrgb&h=650&w=940,433,650,pexels
space astronomy,space_astronomy_4.jpeg,https://images.pexels.com/photos/1906658/pexels-photo-1906658.jpeg?auto=compress&cs=tinysrgb&h=650&w=940,433,650,pexels
space astronomy,space_astronomy_5.jpeg,https://images.pexels.com/photos/1169754/pexels-photo-1169754.jpeg?auto=compress&cs=tinysrgb&h=650&w=940,940,628,pexels
space astronomy,space_astronomy_6.jpeg,https://images.pexels.com/photos/2387069/pexels-photo-2387069.jpeg?auto=compress&cs=tinysrgb&h=650&w=940,940,627,pexels
space astronomy,space_astronomy_7.jpeg,https://images.pexels.com/photos/631477/pexels-photo-631477.jpeg?auto=compress&cs=tinysrgb&h=650&w=940,940,627,pexels
space astronomy,space_astronomy_8.jpeg,https://images.pexels.com/photos/1229042/pexels-photo-1229042.jpeg?auto=compress&cs=tinysrgb&h=650&w=940,940,628,pexels
space astronomy,space_astronomy_9.jpeg,https://images.pexels.com/photos/30978031/pexels-photo-30978031.jpeg?auto=compress&cs=tinysrgb&h=650&w=940,940,627,pexels
space astronomy,space_astronomy_10.jpeg,https://images.pexels.com/photos/1819651/pexels-photo-1819651.jpeg?auto=compress&cs=tinysrgb&h=650&w=940,857,650,pexels
space astronomy,space_astronomy_11.jpeg,https://images.pexels.com/photos/1025469/pexels-photo-1025469.jpeg?auto=compress&cs=tinysrgb&h=650&w=940,940,627,pexels
space astronomy,space_astronomy_12.jpeg,https://images.pexels.com/photos/957040/night-photograph-starry-sky-night-sky-star-957040.jpeg?auto=compress&cs=tinysrgb&h=650&w=940,940,627,pexels
space astronomy,space_astronomy_13.jpeg,https://images.pexels.com/photos/1366835/pexels-photo-1366835.jpeg?auto=compress&cs=tinysrgb&h=650&w=940,940,627,pexels
space astronomy,space_astronomy_14.jpeg,https://images.pexels.com/photos/6039245/pexels-photo-6039245.jpeg?auto=compress&cs=tinysrgb&h=650&w=940,940,627,pexels
space astronomy,space_astronomy_15.jpeg,https://images.pexels.com/photos/28425084/pexels-photo-28425084.jpeg?auto=compress&cs=tinysrgb&h=650&w=940,433,650,pexels
space astronomy,space_astronomy_16.jpeg,https://images.pexels.com/photos/5007442/pexels-photo-5007442.jpeg?auto=compress&cs=tinysrgb&h=650&w=940,434,650,pexels
space astronomy,space_astronomy_17.jpeg,https://images.pexels.com/photos/5574638/pexels-photo-5574638.jpeg?auto=compress&cs=tinysrgb&h=650&w=940,433,650,pexels
space astronomy,space_astronomy_18.jpeg,https://images.pexels.com/photos/28973934/pexels-photo-28973934.jpeg?auto=compress&cs=tinysrgb&h=650&w=940,433,650,pexels
space astronomy,space_astronomy_19.jpeg,https://images.pexels.com/photos/816608/pexels-photo-816608.jpeg?auto=compress&cs=tinysrgb&h=650&w=940,415,650,pexels
space astronomy,space_astronomy_20.jpeg,https://images.pexels.com/photos/7649118/pexels-photo-7649118.jpeg?auto=compress&cs=tinysrgb&h=650&w=940,940,634,pexels
space astronomy,space_astronomy_21.jpeg,https://images.pexels.com/photos/7663144/pexels-photo-7663144.jpeg?auto=compress&cs=tinysrgb&h=650&w=940,433,650,pexels
space astronomy,space_astronomy_22.jpeg,https://images.pexels.com/photos/360912/pexels-photo-360912.jpeg?auto=compress&cs=tinysrgb&h=650&w=940,940,627,pexels
space astronomy,space_astronomy_23.jpeg,https://images.pexels.com/photos/2098428/pexels-photo-2098428.jpeg?auto=compress&cs=tinysrgb&h=650&w=940,940,627,pexels
space astronomy,space_astronomy_24.jpeg,https://images.pexels.com/photos/163811/street-art-shipping-container-freight-highway-163811.jpeg?auto=compress&cs=tinysrgb&h=650&w=940,940,627,pexels
space astronomy,space_astronomy_25.jpeg,https://images.pexels.com/photos/957061/milky-way-starry-sky-night-sky-star-957061.jpeg?auto=compress&cs=tinysrgb&h=650&w=940,940,555,pexels
space astronomy,space_astronomy_26.jpeg,https://images.pexels.com/photos/920534/pexels-photo-920534.jpeg?auto=compress&cs=tinysrgb&h=650&w=940,940,625,pexels
space astronomy,space_astronomy_27.jpeg,https://images.pexels.com/photos/2832084/pexels-photo-2832084.jpeg?auto=compress&cs=tinysrgb&h=650&w=940,940,627,pexels
space astronomy,space_astronomy_28.jpeg,https://images.pexels.com/photos/975012/pexels-photo-975012.jpeg?auto=compress&cs=tinysrgb&h=650&w=940,940,627,pexels
space astronomy,space_astronomy_29.jpeg,https://images.pexels.com/photos/447329/pexels-photo-447329.jpeg?auto=compress&cs=tinysrgb&h=650&w=940,433,650,pexels
space astronomy,space_astronomy_30.jpeg,https://images.pexels.com/photos/1830252/pexels-photo-1830252.jpeg?auto=compress&cs=tinysrgb&h=650&w=940,433,650,pexels
space astronomy,space_astronomy_31.jpeg,https://images.pexels.com/photos/1542493/pexels-photo-1542493.jpeg?auto=compress&cs=tinysrgb&h=650&w=940,940,620,pexels
space astronomy,space_astronomy_32.jpeg,https://images.pexels.com/photos/28343999/pexels-photo-28343999.jpeg?auto=compress&cs=tinysrgb&h=650&w=940,871,650,pexels
space astronomy,space_astronomy_33.jpeg,https://images.pexels.com/photos/1624360/pexels-photo-1624360.jpeg?auto=compress&cs=tinysrgb&h=650&w=940,433,650,pexels
space astronomy,space_astronomy_34.jpeg,https://images.pexels.com/photos/3542314/pexels-photo-3542314.jpeg?auto=compress&cs=tinysrgb&h=650&w=940,433,650,pexels
space astronomy,space_astronomy_35.jpeg,https://images.pexels.com/photos/21287109/pexels-photo-21287109.jpeg?auto=compress&cs=tinysrgb&h=650&w=940,433,650,pexels
space astronomy,space_astronomy_36.jpeg,https://images.pexels.com/photos/847402/pexels-photo-847402.jpeg?auto=compress&cs=tinysrgb&h=650&w=940,940,542,pexels
space astronomy,space_astronomy_37.jpeg,https://images.pexels.com/photos/11838503/pexels-photo-11838503.jpeg?auto=compress&cs=tinysrgb&h=650&w=940,407,650,pexels
space astronomy,space_astronomy_38.jpeg,https://images.pexels.com/photos/412026/pexels-photo-412026.jpeg?auto=compress&cs=tinysrgb&h=650&w=940,433,650,pexels
space astronomy,space_astronomy_39.jpeg,https://images.pexels.com/photos/3374210/pexels-photo-3374210.jpeg?auto=compress&cs=tinysrgb&h=650&w=940,940,620,pexels
space astronomy,space_astronomy_40.jpeg,https://images.pexels.com/photos/3222255/pexels-photo-3222255.jpeg?auto=compress&cs=tinysrgb&h=650&w=940,451,650,pexels
space astronomy,space_astronomy_41.jpeg,https://images.pexels.com/photos/2166/flight-sky-earth-space.jpg?auto=compress&cs=tinysrgb&h=650&w=940,940,627,pexels
space astronomy,space_astronomy_42.jpeg,https://images.pexels.com/photos/2113554/pexels-photo-2113554.jpeg?auto=compress&cs=tinysrgb&h=650&w=940,520,650,pexels
space astronomy,space_astronomy_43.jpeg,https://images.pexels.com/photos/3262249/pexels-photo-3262249.jpeg?auto=compress&cs=tinysrgb&h=650&w=940,940,529,pexels
space astronomy,space_astronomy_44.jpeg,https://images.pexels.com/photos/355887/pexels-photo-355887.jpeg?auto=compress&cs=tinysrgb&h=650&w=940,940,627,pexels
space astronomy,space_astronomy_45.jpeg,https://images.pexels.com/photos/1716158/pexels-photo-1716158.jpeg?auto=compress&cs=tinysrgb&h=650&w=940,940,626,pexels
space astronomy,space_astronomy_46.jpeg,https://images.pexels.com/photos/18505147/pexels-photo-18505147.jpeg?auto=compress&cs=tinysrgb&h=650&w=940,386,650,pexels
space astronomy,space_astronomy_47.jpeg,https://images.pexels.com/photos/2901134/pexels-photo-2901134.jpeg?auto=compress&cs=tinysrgb&h=650&w=940,940,627,pexels
space astronomy,space_astronomy_48.jpeg,https://images.pexels.com/photos/41951/solar-system-emergence-spitzer-telescope-telescope-41951.jpeg?auto=compress&cs=tinysrgb&h=650&w=940,940,588,pexels
space astronomy,space_astronomy_49.jpeg,https://images.pexels.com/photos/821718/pexels-photo-821718.jpeg?auto=compress&cs=tinysrgb&h=650&w=940,650,650,pexels
abstract art,abstract_art_0.jpeg,https://images.pexels.com/photos/1293125/pexels-photo-1293125.jpeg?auto=compress&cs=tinysrgb&h=650&w=940,940,627,pexels
abstract art,abstract_art_1.jpeg,https://images.pexels.com/photos/3344073/pexels-photo-3344073.jpeg?auto=compress&cs=tinysrgb&h=650&w=940,940,627,pexels
abstract art,abstract_art_2.jpeg,https://images.pexels.com/photos/1000366/pexels-photo-1000366.jpeg?auto=compress&cs=tinysrgb&h=650&w=940,940,627,pexels
abstract art,abstract_art_3.jpeg,https://images.pexels.com/photos/3219899/pexels-photo-3219899.jpeg?auto=compress&cs=tinysrgb&h=650&w=940,867,650,pexels
abstract art,abstract_art_4.jpeg,https://images.pexels.com/photos/1543455/pexels-photo-1543455.jpeg?auto=compress&cs=tinysrgb&h=650&w=940,940,639,pexels
abstract art,abstract_art_5.jpeg,https://images.pexels.com/photos/1517076/pexels-photo-1517076.jpeg?auto=compress&cs=tinysrgb&h=650&w=940,872,650,pexels
abstract art,abstract_art_6.jpeg,https://images.pexels.com/photos/3029479/pexels-photo-3029479.jpeg?auto=compress&cs=tinysrgb&h=650&w=940,488,650,pexels
abstract art,abstract_art_7.jpeg,https://images.pexels.com/photos/1255372/pexels-photo-1255372.jpeg?auto=compress&cs=tinysrgb&h=650&w=940,940,627,pexels
abstract art,abstract_art_8.jpeg,https://images.pexels.com/photos/2179483/pexels-photo-2179483.jpeg?auto=compress&cs=tinysrgb&h=650&w=940,940,627,pexels
abstract art,abstract_art_9.jpeg,https://images.pexels.com/photos/3219948/pexels-photo-3219948.jpeg?auto=compress&cs=tinysrgb&h=650&w=940,488,650,pexels
abstract art,abstract_art_10.jpeg,https://images.pexels.com/photos/3311473/pexels-photo-3311473.jpeg?auto=compress&cs=tinysrgb&h=650&w=940,940,627,pexels
abstract art,abstract_art_11.jpeg,https://images.pexels.com/photos/3034734/pexels-photo-3034734.jpeg?auto=compress&cs=tinysrgb&h=650&w=940,488,650,pexels
abstract art,abstract_art_12.jpeg,https://images.pexels.com/photos/6108929/pexels-photo-6108929.jpeg?auto=compress&cs=tinysrgb&h=650&w=940,435,650,pexels
abstract art,abstract_art_13.jpeg,https://images.pexels.com/photos/6108868/pexels-photo-6108868.jpeg?auto=compress&cs=tinysrgb&h=650&w=940,434,650,pexels
abstract art,abstract_art_14.jpeg,https://images.pexels.com/photos/3444533/pexels-photo-3444533.jpeg?auto=compress&cs=tinysrgb&h=650&w=940,433,650,pexels
abstract art,abstract_art_15.jpeg,https://images.pexels.com/photos/1530710/pexels-photo-1530710.jpeg?auto=compress&cs=tinysrgb&h=650&w=940,863,650,pexels
abstract art,abstract_art_16.jpeg,https://images.pexels.com/photos/3418400/pexels-photo-3418400.jpeg?auto=compress&cs=tinysrgb&h=650&w=940,488,650,pexels
abstract art,abstract_art_17.jpeg,https://images.pexels.com/photos/2908194/pexels-photo-2908194.jpeg?auto=compress&cs=tinysrgb&h=650&w=940,940,627,pexels
abstract art,abstract_art_18.jpeg,https://images.pexels.com/photos/2832468/pexels-photo-2832468.jpeg?auto=compress&cs=tinysrgb&h=650&w=940,867,650,pexels
abstract art,abstract_art_19.jpeg,https://images.pexels.com/photos/971546/pexels-photo-971546.jpeg?auto=compress&cs=tinysrgb&h=650&w=940,433,650,pexels
abstract art,abstract_art_20.jpeg,https://images.pexels.com/photos/3029545/pexels-photo-3029545.jpeg?auto=compress&cs=tinysrgb&h=650&w=940,488,650,pexels
abstract art,abstract_art_21.jpeg,https://images.pexels.com/photos/2868963/pexels-photo-2868963.jpeg?auto=compress&cs=tinysrgb&h=650&w=940,867,650,pexels
abstract art,abstract_art_22.jpeg,https://images.pexels.com/photos/3705368/pexels-photo-3705368.jpeg?auto=compress&cs=tinysrgb&h=650&w=940,488,650,pexels
abstract art,abstract_art_23.jpeg,https://images.pexels.com/photos/3109830/pexels-photo-3109830.jpeg?auto=compress&cs=tinysrgb&h=650&w=940,488,650,pexels
abstract art,abstract_art_24.jpeg,https://images.pexels.com/photos/3063362/pexels-photo-3063362.jpeg?auto=compress&cs=tinysrgb&h=650&w=940,488,650,pexels
abstract art,abstract_art_25.jpeg,https://images.pexels.com/photos/2832379/pexels-photo-2832379.jpeg?auto=compress&cs=tinysrgb&h=650&w=940,867,650,pexels
abstract art,abstract_art_26.jpeg,https://images.pexels.com/photos/1704120/pexels-photo-1704120.jpeg?auto=compress&cs=tinysrgb&h=650&w=940,790,650,pexels
abstract art,abstract_art_27.jpeg,https://images.pexels.com/photos/1545505/pexels-photo-1545505.jpeg?auto=compress&cs=tinysrgb&h=650&w=940,836,650,pexels
abstract art,abstract_art_28.jpeg,https://images.pexels.com/photos/1183992/pexels-photo-1183992.jpeg?auto=compress&cs=tinysrgb&h=650&w=940,940,627,pexels
abstract art,abstract_art_29.jpeg,https://images.pexels.com/photos/3737718/pexels-photo-3737718.jpeg?auto=compress&cs=tinysrgb&h=650&w=940,488,650,pexels
abstract art,abstract_art_30.jpeg,https://images.pexels.com/photos/2902541/pexels-photo-2902541.jpeg?auto=compress&cs=tinysrgb&h=650&w=940,940,627,pexels
abstract art,abstract_art_31.jpeg,https://images.pexels.com/photos/3832763/pexels-photo-3832763.jpeg?auto=compress&cs=tinysrgb&h=650&w=940,488,650,pexels
abstract art,abstract_art_32.jpeg,https://images.pexels.com/photos/3530116/pexels-photo-3530116.jpeg?auto=compress&cs=tinysrgb&h=650&w=940,488,650,pexels
abstract art,abstract_art_33.jpeg,https://images.pexels.com/photos/3045825/pexels-photo-3045825.jpeg?auto=compress&cs=tinysrgb&h=650&w=940,488,650,pexels
abstract art,abstract_art_34.jpeg,https://images.pexels.com/photos/2832382/pexels-photo-2832382.jpeg?auto=compress&cs=tinysrgb&h=650&w=940,488,650,pexels
abstract art,abstract_art_35.jpeg,https://images.pexels.com/photos/3791873/pexels-photo-3791873.jpeg?auto=compress&cs=tinysrgb&h=650&w=940,488,650,pexels
abstract art,abstract_art_36.jpeg,https://images.pexels.com/photos/3530056/pexels-photo-3530056.jpeg?auto=compress&cs=tinysrgb&h=650&w=940,488,650,pexels
abstract art,abstract_art_37.jpeg,https://images.pexels.com/photos/1621793/pexels-photo-1621793.jpeg?auto=compress&cs=tinysrgb&h=650&w=940,940,639,pexels
abstract art,abstract_art_38.jpeg,https://images.pexels.com/photos/1812960/pexels-photo-1812960.jpeg?auto=compress&cs=tinysrgb&h=650&w=940,865,650,pexels
abstract art,abstract_art_39.jpeg,https://images.pexels.com/photos/3437923/pexels-photo-3437923.jpeg?auto=compress&cs=tinysrgb&h=650&w=940,940,627,pexels
abstract art,abstract_art_40.jpeg,https://images.pexels.com/photos/2983289/pexels-photo-2983289.jpeg?auto=compress&cs=tinysrgb&h=650&w=940,488,650,pexels
abstract art,abstract_art_41.jpeg,https://images.pexels.com/photos/1109354/pexels-photo-1109354.jpeg?auto=compress&cs=tinysrgb&h=650&w=940,940,627,pexels
abstract art,abstract_art_42.jpeg,https://images.pexels.com/photos/3441746/pexels-photo-3441746.jpeg?auto=compress&cs=tinysrgb&h=650&w=940,502,650,pexels
abstract art,abstract_art_43.jpeg,https://images.pexels.com/photos/3109829/pexels-photo-3109829.jpeg?auto=compress&cs=tinysrgb&h=650&w=940,488,650,pexels
abstract art,abstract_art_44.jpeg,https://images.pexels.com/photos/2268556/pexels-photo-2268556.jpeg?auto=compress&cs=tinysrgb&h=650&w=940,650,650,pexels
abstract art,abstract_art_45.jpeg,https://images.pexels.com/photos/1561020/pexels-photo-1561020.jpeg?auto=compress&cs=tinysrgb&h=650&w=940,650,650,pexels
abstract art,abstract_art_46.jpeg,https://images.pexels.com/photos/3535542/pexels-photo-3535542.jpeg?auto=compress&cs=tinysrgb&h=650&w=940,940,627,pexels
abstract art,abstract_art_47.jpeg,https://images.pexels.com/photos/3530052/pexels-photo-3530052.jpeg?auto=compress&cs=tinysrgb&h=650&w=940,488,650,pexels
abstract art,abstract_art_48.jpeg,https://images.pexels.com/photos/1573434/pexels-photo-1573434.jpeg?auto=compress&cs=tinysrgb&h=650&w=940,511,650,pexels
abstract art,abstract_art_49.jpeg,https://images.pexels.com/photos/1843716/pexels-photo-1843716.jpeg?auto=compress&cs=tinysrgb&h=650&w=940,884,650,pexels
vintage cars,vintage_cars_0.jpeg,https://images.pexels.com/photos/3684809/pexels-photo-3684809.jpeg?auto=compress&cs=tinysrgb&h=650&w=940,940,627,pexels
vintage cars,vintage_cars_1.jpeg,https://images.pexels.com/photos/11041366/pexels-photo-11041366.jpeg?auto=compress&cs=tinysrgb&h=650&w=940,940,627,pexels
vintage cars,vintage_cars_2.jpeg,https://images.pexels.com/photos/849836/pexels-photo-849836.jpeg?auto=compress&cs=tinysrgb&h=650&w=940,433,650,pexels
vintage cars,vintage_cars_3.jpeg,https://images.pexels.com/photos/3094217/pexels-photo-3094217.jpeg?auto=compress&cs=tinysrgb&h=650&w=940,433,650,pexels
vintage cars,vintage_cars_4.jpeg,https://images.pexels.com/photos/14065436/pexels-photo-14065436.jpeg?auto=compress&cs=tinysrgb&h=650&w=940,940,628,pexels
vintage cars,vintage_cars_5.jpeg,https://images.pexels.com/photos/31023450/pexels-photo-31023450.jpeg?auto=compress&cs=tinysrgb&h=650&w=940,366,650,pexels
vintage cars,vintage_cars_6.jpeg,https://images.pexels.com/photos/31023449/pexels-photo-31023449.jpeg?auto=compress&cs=tinysrgb&h=650&w=940,366,650,pexels
vintage cars,vintage_cars_7.jpeg,https://images.pexels.com/photos/103286/pexels-photo-103286.jpeg?auto=compress&cs=tinysrgb&h=650&w=940,433,650,pexels
vintage cars,vintage_cars_8.jpeg,https://images.pexels.com/photos/30952493/pexels-photo-30952493.jpeg?auto=compress&cs=tinysrgb&h=650&w=940,940,625,pexels
vintage cars,vintage_cars_9.jpeg,https://images.pexels.com/photos/30149547/pexels-photo-30149547.jpeg?auto=compress&cs=tinysrgb&h=650&w=940,940,529,pexels
vintage cars,vintage_cars_10.jpeg,https://images.pexels.com/photos/28926860/pexels-photo-28926860.jpeg?auto=compress&cs=tinysrgb&h=650&w=940,488,650,pexels
vintage cars,vintage_cars_11.jpeg,https://images.pexels.com/photos/3342697/pexels-photo-3342697.jpeg?auto=compress&cs=tinysrgb&h=650&w=940,940,627,pexels
vintage cars,vintage_cars_12.jpeg,https://images.pexels.com/photos/31019047/pexels-photo-31019047.jpeg?auto=compress&cs=tinysrgb&h=650&w=940,366,650,pexels
vintage cars,vintage_cars_13.jpeg,https://images.pexels.com/photos/9784003/pexels-photo-9784003.jpeg?auto=compress&cs=tinysrgb&h=650&w=940,737,650,pexels
vintage cars,vintage_cars_14.jpeg,https://images.pexels.com/photos/10664484/pexels-photo-10664484.jpeg?auto=compress&cs=tinysrgb&h=650&w=940,940,529,pexels
vintage cars,vintage_cars_15.jpeg,https://images.pexels.com/photos/712618/pexels-photo-712618.jpeg?auto=compress&cs=tinysrgb&h=650&w=940,940,625,pexels
vintage cars,vintage_cars_16.jpeg,https://images.pexels.com/photos/11605639/pexels-photo-11605639.jpeg?auto=compress&cs=tinysrgb&h=650&w=940,940,626,pexels
vintage cars,vintage_cars_17.jpeg,https://images.pexels.com/photos/2277788/pexels-photo-2277788.png?auto=compress&cs=tinysrgb&h=650&w=940,433,650,pexels
vintage cars,vintage_cars_18.jpeg,https://images.pexels.com/photos/19049562/pexels-photo-19049562.jpeg?auto=compress&cs=tinysrgb&h=650&w=940,433,650,pexels
vintage cars,vintage_cars_19.jpeg,https://images.pexels.com/photos/4956223/pexels-photo-4956223.jpeg?auto=compress&cs=tinysrgb&h=650&w=940,425,650,pexels
vintage cars,vintage_cars_20.jpeg,https://images.pexels.com/photos/15534952/pexels-photo-15534952.jpeg?auto=compress&cs=tinysrgb&h=650&w=940,520,650,pexels
vintage cars,vintage_cars_21.jpeg,https://images.pexels.com/photos/18794417/pexels-photo-18794417.jpeg?auto=compress&cs=tinysrgb&h=650&w=940,433,650,pexels
vintage cars,vintage_cars_22.jpeg,https://images.pexels.com/photos/35624/auto-car-cadillac-oldtimer.jpg?auto=compress&cs=tinysrgb&h=650&w=940,940,627,pexels
vintage cars,vintage_cars_23.jpeg,https://images.pexels.com/photos/8537299/pexels-photo-8537299.jpeg?auto=compress&cs=tinysrgb&h=650&w=940,520,650,pexels
vintage cars,vintage_cars_24.jpeg,https://images.pexels.com/photos/18794428/pexels-photo-18794428.jpeg?auto=compress&cs=tinysrgb&h=650&w=940,433,650,pexels
vintage cars,vintage_cars_25.jpeg,https://images.pexels.com/photos/248687/pexels-photo-248687.jpeg?auto=compress&cs=tinysrgb&h=650&w=940,940,627,pexels
vintage cars,vintage_cars_26.jpeg,https://images.pexels.com/photos/315952/pexels-photo-315952.jpeg?auto=compress&cs=tinysrgb&h=650&w=940,920,650,pexels
vintage cars,vintage_cars_27.jpeg,https://images.pexels.com/photos/796633/pexels-photo-796633.jpeg?auto=compress&cs=tinysrgb&h=650&w=940,940,627,pexels
vintage cars,vintage_cars_28.jpeg,https://images.pexels.com/photos/631522/pexels-photo-631522.jpeg?auto=compress&cs=tinysrgb&h=650&w=940,940,628,pexels
vintage cars,vintage_cars_29.jpeg,https://images.pexels.com/photos/4075939/pexels-photo-4075939.jpeg?auto=compress&cs=tinysrgb&h=650&w=940,940,627,pexels
vintage cars,vintage_cars_30.jpeg,https://images.pexels.com/photos/416929/pexels-photo-416929.jpeg?auto=compress&cs=tinysrgb&h=650&w=940,546,650,pexels
vintage cars,vintage_cars_31.jpeg,https://images.pexels.com/photos/30936584/pexels-photo-30936584.jpeg?auto=compress&cs=tinysrgb&h=650&w=940,433,650,pexels
vintage cars,vintage_cars_32.jpeg,https://images.pexels.com/photos/57409/ford-mustang-stallion-red-57409.jpeg?auto=compress&cs=tinysrgb&h=650&w=940,940,524,pexels
vintage cars,vintage_cars_33.jpeg,https://images.pexels.com/photos/3254726/pexels-photo-3254726.jpeg?auto=compress&cs=tinysrgb&h=650&w=940,433,650,pexels
vintage cars,vintage_cars_34.jpeg,https://images.pexels.com/photos/31019048/pexels-photo-31019048.jpeg?auto=compress&cs=tinysrgb&h=650&w=940,366,650,pexels
vintage cars,vintage_cars_35.jpeg,https://images.pexels.com/photos/21858904/pexels-photo-21858904.jpeg?auto=compress&cs=tinysrgb&h=650&w=940,433,650,pexels
vintage cars,vintage_cars_36.jpeg,https://images.pexels.com/photos/1409968/pexels-photo-1409968.jpeg?auto=compress&cs=tinysrgb&h=650&w=940,464,650,pexels
vintage cars,vintage_cars_37.jpeg,https://images.pexels.com/photos/9987510/pexels-photo-9987510.jpeg?auto=compress&cs=tinysrgb&h=650&w=940,652,650,pexels
vintage cars,vintage_cars_38.jpeg,https://images.pexels.com/photos/14388092/pexels-photo-14388092.jpeg?auto=compress&cs=tinysrgb&h=650&w=940,433,650,pexels
vintage cars,vintage_cars_39.jpeg,https://images.pexels.com/photos/29410744/pexels-photo-29410744.jpeg?auto=compress&cs=tinysrgb&h=650&w=940,940,529,pexels
vintage cars,vintage_cars_40.jpeg,https://images.pexels.com/photos/12472236/pexels-photo-12472236.jpeg?auto=compress&cs=tinysrgb&h=650&w=940,366,650,pexels
vintage cars,vintage_cars_41.jpeg,https://images.pexels.com/photos/1805053/pexels-photo-1805053.jpeg?auto=compress&cs=tinysrgb&h=650&w=940,488,650,pexels
vintage cars,vintage_cars_42.jpeg,https://images.pexels.com/photos/2986236/pexels-photo-2986236.jpeg?auto=compress&cs=tinysrgb&h=650&w=940,433,650,pexels
vintage cars,vintage_cars_43.jpeg,https://images.pexels.com/photos/30989258/pexels-photo-30989258.jpeg?auto=compress&cs=tinysrgb&h=650&w=940,488,650,pexels
vintage cars,vintage_cars_44.jpeg,https://images.pexels.com/photos/221357/pexels-photo-221357.jpeg?auto=compress&cs=tinysrgb&h=650&w=940,940,627,pexels
vintage cars,vintage_cars_45.jpeg,https://images.pexels.com/photos/1637118/pexels-photo-1637118.jpeg?auto=compress&cs=tinysrgb&h=650&w=940,940,529,pexels
vintage cars,vintage_cars_46.jpeg,https://images.pexels.com/photos/13739066/pexels-photo-13739066.jpeg?auto=compress&cs=tinysrgb&h=650&w=940,520,650,pexels
vintage cars,vintage_cars_47.jpeg,https://images.pexels.com/photos/11800457/pexels-photo-11800457.jpeg?auto=compress&cs=tinysrgb&h=650&w=940,940,627,pexels
vintage cars,vintage_cars_48.jpeg,https://images.pexels.com/photos/31023445/pexels-photo-31023445.jpeg?auto=compress&cs=tinysrgb&h=650&w=940,366,650,pexels
vintage cars,vintage_cars_49.jpeg,https://images.pexels.com/photos/757181/pexels-photo-757181.jpeg?auto=compress&cs=tinysrgb&h=650&w=940,516,650,pexels
flowers plants,flowers_plants_0.jpeg,https://images.pexels.com/photos/31004918/pexels-photo-31004918.jpeg?auto=compress&cs=tinysrgb&h=650&w=940,464,650,pexels
flowers plants,flowers_plants_1.jpeg,https://images.pexels.com/photos/18069424/pexels-photo-18069424.png?auto=compress&cs=tinysrgb&h=650&w=940,940,529,pexels
flowers plants,flowers_plants_2.jpeg,https://images.pexels.com/photos/759324/pexels-photo-759324.jpeg?auto=compress&cs=tinysrgb&h=650&w=940,455,650,pexels
flowers plants,flowers_plants_3.jpeg,https://images.pexels.com/photos/2780196/pexels-photo-2780196.jpeg?auto=compress&cs=tinysrgb&h=650&w=940,460,650,pexels
flowers plants,flowers_plants_4.jpeg,https://images.pexels.com/photos/4618234/pexels-photo-4618234.jpeg?auto=compress&cs=tinysrgb&h=650&w=940,430,650,pexels
flowers plants,flowers_plants_5.jpeg,https://images.pexels.com/photos/30971992/pexels-photo-30971992.jpeg?auto=compress&cs=tinysrgb&h=650&w=940,940,627,pexels
flowers plants,flowers_plants_6.jpeg,https://images.pexels.com/photos/268261/pexels-photo-268261.jpeg?auto=compress&cs=tinysrgb&h=650&w=940,940,627,pexels
flowers plants,flowers_plants_7.jpeg,https://images.pexels.com/photos/457937/pexels-photo-457937.jpeg?auto=compress&cs=tinysrgb&h=650&w=940,940,466,pexels
flowers plants,flowers_plants_8.jpeg,https://images.pexels.com/photos/4270214/pexels-photo-4270214.jpeg?auto=compress&cs=tinysrgb&h=650&w=940,433,650,pexels
flowers plants,flowers_plants_9.jpeg,https://images.pexels.com/photos/8210482/pexels-photo-8210482.jpeg?auto=compress&cs=tinysrgb&h=650&w=940,434,650,pexels
flowers plants,flowers_plants_10.jpeg,https://images.pexels.com/photos/5968894/pexels-photo-5968894.jpeg?auto=compress&cs=tinysrgb&h=650&w=940,488,650,pexels
flowers plants,flowers_plants_11.jpeg,https://images.pexels.com/photos/30950739/pexels-photo-30950739.jpeg?auto=compress&cs=tinysrgb&h=650&w=940,940,627,pexels
flowers plants,flowers_plants_12.jpeg,https://images.pexels.com/photos/30695795/pexels-photo-30695795.jpeg?auto=compress&cs=tinysrgb&h=650&w=940,433,650,pexels
flowers plants,flowers_plants_13.jpeg,https://images.pexels.com/photos/607013/pexels-photo-607013.jpeg?auto=compress&cs=tinysrgb&h=650&w=940,940,627,pexels
flowers plants,flowers_plants_14.jpeg,https://images.pexels.com/photos/4348589/pexels-photo-4348589.jpeg?auto=compress&cs=tinysrgb&h=650&w=940,940,627,pexels
flowers plants,flowers_plants_15.jpeg,https://images.pexels.com/photos/1261459/pexels-photo-1261459.jpeg?auto=compress&cs=tinysrgb&h=650&w=940,940,627,pexels
flowers plants,flowers_plants_16.jpeg,https://images.pexels.com/photos/18069421/pexels-photo-18069421.png?auto=compress&cs=tinysrgb&h=650&w=940,940,529,pexels
flowers plants,flowers_plants_17.jpeg,https://images.pexels.com/photos/2383122/pexels-photo-2383122.jpeg?auto=compress&cs=tinysrgb&h=650&w=940,940,627,pexels
flowers plants,flowers_plants_18.jpeg,https://images.pexels.com/photos/1479710/pexels-photo-1479710.jpeg?auto=compress&cs=tinysrgb&h=650&w=940,940,625,pexels
flowers plants,flowers_plants_19.jpeg,https://images.pexels.com/photos/18252321/pexels-photo-18252321.jpeg?auto=compress&cs=tinysrgb&h=650&w=940,520,650,pexels
flowers plants,flowers_plants_20.jpeg,https://images.pexels.com/photos/1233414/pexels-photo-1233414.jpeg?auto=compress&cs=tinysrgb&h=650&w=940,940,627,pexels
flowers plants,flowers_plants_21.jpeg,https://images.pexels.com/photos/3368816/pexels-photo-3368816.jpeg?auto=compress&cs=tinysrgb&h=650&w=940,455,650,pexels
flowers plants,flowers_plants_22.jpeg,https://images.pexels.com/photos/30994370/pexels-photo-30994370.jpeg?auto=compress&cs=tinysrgb&h=650&w=940,915,650,pexels
flowers plants,flowers_plants_23.jpeg,https://images.pexels.com/photos/158063/bellingrath-gardens-alabama-landscape-scenic-158063.jpeg?auto=compress&cs=tinysrgb&h=650&w=940,940,588,pexels
flowers plants,flowers_plants_24.jpeg,https://images.pexels.com/photos/1816692/pexels-photo-1816692.jpeg?auto=compress&cs=tinysrgb&h=650&w=940,433,650,pexels
flowers plants,flowers_plants_25.jpeg,https://images.pexels.com/photos/30988971/pexels-photo-30988971.jpeg?auto=compress&cs=tinysrgb&h=650&w=940,940,636,pexels
flowers plants,flowers_plants_26.jpeg,https://images.pexels.com/photos/114735/pexels-photo-114735.jpeg?auto=compress&cs=tinysrgb&h=650&w=940,940,627,pexels
flowers plants,flowers_plants_27.jpeg,https://images.pexels.com/photos/30982820/pexels-photo-30982820.jpeg?auto=compress&cs=tinysrgb&h=650&w=940,488,650,pexels
flowers plants,flowers_plants_28.jpeg,https://images.pexels.com/photos/840215/pexels-photo-840215.jpeg?auto=compress&cs=tinysrgb&h=650&w=940,940,627,pexels
flowers plants,flowers_plants_29.jpeg,https://images.pexels.com/photos/30953459/pexels-photo-30953459.jpeg?auto=compress&cs=tinysrgb&h=650&w=940,433,650,pexels
flowers plants,flowers_plants_30.jpeg,https://images.pexels.com/photos/10049781/pexels-photo-10049781.jpeg?auto=compress&cs=tinysrgb&h=650&w=940,435,650,pexels
flowers plants,flowers_plants_31.jpeg,https://images.pexels.com/photos/12189041/pexels-photo-12189041.jpeg?auto=compress&cs=tinysrgb&h=650&w=940,433,650,pexels
flowers plants,flowers_plants_32.jpeg,https://images.pexels.com/photos/953241/pexels-photo-953241.jpeg?auto=compress&cs=tinysrgb&h=650&w=940,867,650,pexels
flowers plants,flowers_plants_33.jpeg,https://images.pexels.com/photos/1732419/pexels-photo-1732419.jpeg?auto=compress&cs=tinysrgb&h=650&w=940,434,650,pexels
flowers plants,flowers_plants_34.jpeg,https://images.pexels.com/photos/207172/pexels-photo-207172.jpeg?auto=compress&cs=tinysrgb&h=650&w=940,940,627,pexels
flowers plants,flowers_plants_35.jpeg,https://images.pexels.com/photos/30973185/pexels-photo-30973185.jpeg?auto=compress&cs=tinysrgb&h=650&w=940,436,650,pexels
flowers plants,flowers_plants_36.jpeg,https://images.pexels.com/photos/162057/pexels-photo-162057.jpeg?auto=compress&cs=tinysrgb&h=650&w=940,433,650,pexels
flowers plants,flowers_plants_37.jpeg,https://images.pexels.com/photos/31015048/pexels-photo-31015048.jpeg?auto=compress&cs=tinysrgb&h=650&w=940,940,627,pexels
flowers plants,flowers_plants_38.jpeg,https://images.pexels.com/photos/29278621/pexels-photo-29278621.jpeg?auto=compress&cs=tinysrgb&h=650&w=940,940,627,pexels
flowers plants,flowers_plants_39.jpeg,https://images.pexels.com/photos/31022860/pexels-photo-31022860.jpeg?auto=compress&cs=tinysrgb&h=650&w=940,433,650,pexels
flowers plants,flowers_plants_40.jpeg,https://images.pexels.com/photos/20431425/pexels-photo-20431425.jpeg?auto=compress&cs=tinysrgb&h=650&w=940,433,650,pexels
flowers plants,flowers_plants_41.jpeg,https://images.pexels.com/photos/2440297/pexels-photo-2440297.jpeg?auto=compress&cs=tinysrgb&h=650&w=940,940,627,pexels
flowers plants,flowers_plants_42.jpeg,https://images.pexels.com/photos/31007495/pexels-photo-31007495.jpeg?auto=compress&cs=tinysrgb&h=650&w=940,433,650,pexels
flowers plants,flowers_plants_43.jpeg,https://images.pexels.com/photos/30942589/pexels-photo-30942589.jpeg?auto=compress&cs=tinysrgb&h=650&w=940,940,529,pexels
flowers plants,flowers_plants_44.jpeg,https://images.pexels.com/photos/2102587/pexels-photo-2102587.jpeg?auto=compress&cs=tinysrgb&h=650&w=940,488,650,pexels
flowers plants,flowers_plants_45.jpeg,https://images.pexels.com/photos/31019984/pexels-photo-31019984.jpeg?auto=compress&cs=tinysrgb&h=650&w=940,940,627,pexels
flowers plants,flowers_plants_46.jpeg,https://images.pexels.com/photos/2104881/pexels-photo-2104881.jpeg?auto=compress&cs=tinysrgb&h=650&w=940,940,627,pexels
flowers plants,flowers_plants_47.jpeg,https://images.pexels.com/photos/30843770/pexels-photo-30843770.jpeg?auto=compress&cs=tinysrgb&h=650&w=940,433,650,pexels
flowers plants,flowers_plants_48.jpeg,https://images.pexels.com/photos/4273434/pexels-photo-4273434.jpeg?auto=compress&cs=tinysrgb&h=650&w=940,433,650,pexels
flowers plants,flowers_plants_49.jpeg,https://images.pexels.com/photos/54267/sunflower-blossom-bloom-flowers-54267.jpeg?auto=compress&cs=tinysrgb&h=650&w=940,940,627,pexels
sports action,sports_action_0.jpeg,https://images.pexels.com/photos/30957848/pexels-photo-30957848.jpeg?auto=compress&cs=tinysrgb&h=650&w=940,940,627,pexels
sports action,sports_action_1.jpeg,https://images.pexels.com/photos/9438089/pexels-photo-9438089.jpeg?auto=compress&cs=tinysrgb&h=650&w=940,940,627,pexels
sports action,sports_action_2.jpeg,https://images.pexels.com/photos/1103830/pexels-photo-1103830.jpeg?auto=compress&cs=tinysrgb&h=650&w=940,433,650,pexels
sports action,sports_action_3.jpeg,https://images.pexels.com/photos/8611425/pexels-photo-8611425.jpeg?auto=compress&cs=tinysrgb&h=650&w=940,940,627,pexels
sports action,sports_action_4.jpeg,https://images.pexels.com/photos/30942019/pexels-photo-30942019.jpeg?auto=compress&cs=tinysrgb&h=650&w=940,520,650,pexels
sports action,sports_action_5.jpeg,https://images.pexels.com/photos/992361/pexels-photo-992361.jpeg?auto=compress&cs=tinysrgb&h=650&w=940,940,627,pexels
sports action,sports_action_6.jpeg,https://images.pexels.com/photos/2253884/pexels-photo-2253884.jpeg?auto=compress&cs=tinysrgb&h=650&w=940,940,628,pexels
sports action,sports_action_7.jpeg,https://images.pexels.com/photos/7045750/pexels-photo-7045750.jpeg?auto=compress&cs=tinysrgb&h=650&w=940,940,627,pexels
sports action,sports_action_8.jpeg,https://images.pexels.com/photos/6572557/pexels-photo-6572557.jpeg?auto=compress&cs=tinysrgb&h=650&w=940,433,650,pexels
sports action,sports_action_9.jpeg,https://images.pexels.com/photos/31008059/pexels-photo-31008059.jpeg?auto=compress&cs=tinysrgb&h=650&w=940,940,627,pexels
sports action,sports_action_10.jpeg,https://images.pexels.com/photos/5274818/pexels-photo-5274818.jpeg?auto=compress&cs=tinysrgb&h=650&w=940,940,628,pexels
sports action,sports_action_11.jpeg,https://images.pexels.com/photos/6847300/pexels-photo-6847300.jpeg?auto=compress&cs=tinysrgb&h=650&w=940,433,650,pexels
sports action,sports_action_12.jpeg,https://images.pexels.com/photos/5739294/pexels-photo-5739294.jpeg?auto=compress&cs=tinysrgb&h=650&w=940,433,650,pexels
sports action,sports_action_13.jpeg,https://images.pexels.com/photos/6468596/pexels-photo-6468596.jpeg?auto=compress&cs=tinysrgb&h=650&w=940,433,650,pexels
sports action,sports_action_14.jpeg,https://images.pexels.com/photos/7777532/pexels-photo-7777532.jpeg?auto=compress&cs=tinysrgb&h=650&w=940,940,627,pexels
sports action,sports_action_15.jpeg,https://images.pexels.com/photos/13461454/pexels-photo-13461454.jpeg?auto=compress&cs=tinysrgb&h=650&w=940,433,650,pexels
sports action,sports_action_16.jpeg,https://images.pexels.com/photos/6557658/pexels-photo-6557658.jpeg?auto=compress&cs=tinysrgb&h=650&w=940,433,650,pexels
sports action,sports_action_17.jpeg,https://images.pexels.com/photos/3787832/pexels-photo-3787832.jpeg?auto=compress&cs=tinysrgb&h=650&w=940,940,628,pexels
sports action,sports_action_18.jpeg,https://images.pexels.com/photos/8975019/pexels-photo-8975019.jpeg?auto=compress&cs=tinysrgb&h=650&w=940,940,627,pexels
sports action,sports_action_19.jpeg,https://images.pexels.com/photos/5730287/pexels-photo-5730287.jpeg?auto=compress&cs=tinysrgb&h=650&w=940,433,650,pexels
sports action,sports_action_20.jpeg,https://images.pexels.com/photos/30994628/pexels-photo-30994628.jpeg?auto=compress&cs=tinysrgb&h=650&w=940,433,650,pexels
sports action,sports_action_21.jpeg,https://images.pexels.com/photos/163362/football-american-football-player-ball-carrier-163362.jpeg?auto=compress&cs=tinysrgb&h=650&w=940,910,650,pexels
sports action,sports_action_22.jpeg,https://images.pexels.com/photos/30977550/pexels-photo-30977550.jpeg?auto=compress&cs=tinysrgb&h=650&w=940,940,627,pexels
sports action,sports_action_23.jpeg,https://images.pexels.com/photos/326527/pexels-photo-326527.jpeg?auto=compress&cs=tinysrgb&h=650&w=940,910,650,pexels
sports action,sports_action_24.jpeg,https://images.pexels.com/photos/6468938/pexels-photo-6468938.jpeg?auto=compress&cs=tinysrgb&h=650&w=940,940,627,pexels
sports action,sports_action_25.jpeg,https://images.pexels.com/photos/8973006/pexels-photo-8973006.jpeg?auto=compress&cs=tinysrgb&h=650&w=940,940,627,pexels
sports action,sports_action_26.jpeg,https://images.pexels.com/photos/18769462/pexels-photo-18769462.jpeg?auto=compress&cs=tinysrgb&h=650&w=940,476,650,pexels
sports action,sports_action_27.jpeg,https://images.pexels.com/photos/159603/softball-girls-softball-action-high-school-159603.jpeg?auto=compress&cs=tinysrgb&h=650&w=940,464,650,pexels
sports action,sports_action_28.jpeg,https://images.pexels.com/photos/1349631/pexels-photo-1349631.jpeg?auto=compress&cs=tinysrgb&h=650&w=940,940,627,pexels
sports action,sports_action_29.jpeg,https://images.pexels.com/photos/6468717/pexels-photo-6468717.jpeg?auto=compress&cs=tinysrgb&h=650&w=940,940,627,pexels
sports action,sports_action_30.jpeg,https://images.pexels.com/photos/30998442/pexels-photo-30998442.jpeg?auto=compress&cs=tinysrgb&h=650&w=940,433,650,pexels
sports action,sports_action_31.jpeg,https://images.pexels.com/photos/4398353/pexels-photo-4398353.jpeg?auto=compress&cs=tinysrgb&h=650&w=940,940,627,pexels
sports action,sports_action_32.jpeg,https://images.pexels.com/photos/7166115/pexels-photo-7166115.jpeg?auto=compress&cs=tinysrgb&h=650&w=940,487,650,pexels
sports action,sports_action_33.jpeg,https://images.pexels.com/photos/14262636/pexels-photo-14262636.jpeg?auto=compress&cs=tinysrgb&h=650&w=940,433,650,pexels
sports action,sports_action_34.jpeg,https://images.pexels.com/photos/1147453/pexels-photo-1147453.jpeg?auto=compress&cs=tinysrgb&h=650&w=940,940,627,pexels
sports action,sports_action_35.jpeg,https://images.pexels.com/photos/6203584/pexels-photo-6203584.jpeg?auto=compress&cs=tinysrgb&h=650&w=940,940,628,pexels
sports action,sports_action_36.jpeg,https://images.pexels.com/photos/159587/football-american-football-sport-ball-159587.jpeg?auto=compress&cs=tinysrgb&h=650&w=940,433,650,pexels
sports action,sports_action_37.jpeg,https://images.pexels.com/photos/8974839/pexels-photo-8974839.jpeg?auto=compress&cs=tinysrgb&h=650&w=940,940,627,pexels
sports action,sports_action_38.jpeg,https://images.pexels.com/photos/6220177/pexels-photo-6220177.jpeg?auto=compress&cs=tinysrgb&h=650&w=940,940,627,pexels
sports action,sports_action_39.jpeg,https://images.pexels.com/photos/8153589/pexels-photo-8153589.jpeg?auto=compress&cs=tinysrgb&h=650&w=940,940,627,pexels
sports action,sports_action_40.jpeg,https://images.pexels.com/photos/5803626/pexels-photo-5803626.jpeg?auto=compress&cs=tinysrgb&h=650&w=940,940,627,pexels
sports action,sports_action_41.jpeg,https://images.pexels.com/photos/13707185/pexels-photo-13707185.jpeg?auto=compress&cs=tinysrgb&h=650&w=940,433,650,pexels
sports action,sports_action_42.jpeg,https://images.pexels.com/photos/3746008/pexels-photo-3746008.jpeg?auto=compress&cs=tinysrgb&h=650&w=940,940,627,pexels
sports action,sports_action_43.jpeg,https://images.pexels.com/photos/6777168/pexels-photo-6777168.jpeg?auto=compress&cs=tinysrgb&h=650&w=940,433,650,pexels
sports action,sports_action_44.jpeg,https://images.pexels.com/photos/159710/american-football-kicker-kickoff-sport-159710.jpeg?auto=compress&cs=tinysrgb&h=650&w=940,464,650,pexels
sports action,sports_action_45.jpeg,https://images.pexels.com/photos/163482/football-american-football-running-back-ball-carrier-163482.jpeg?auto=compress&cs=tinysrgb&h=650&w=940,433,650,pexels
sports action,sports_action_46.jpeg,https://images.pexels.com/photos/8007580/pexels-photo-8007580.jpeg?auto=compress&cs=tinysrgb&h=650&w=940,940,627,pexels
sports action,sports_action_47.jpeg,https://images.pexels.com/photos/6777166/pexels-photo-6777166.jpeg?auto=compress&cs=tinysrgb&h=650&w=940,433,650,pexels
sports action,sports_action_48.jpeg,https://images.pexels.com/photos/31003855/pexels-photo-31003855.jpeg?auto=compress&cs=tinysrgb&h=650&w=940,940,627,pexels
sports action,sports_action_49.jpeg,https://images.pexels.com/photos/1198174/pexels-photo-1198174.jpeg?auto=compress&cs=tinysrgb&h=650&w=940,940,627,pexels
technology gadgets,technology_gadgets_0.jpeg,https://images.pexels.com/photos/123335/pexels-photo-123335.jpeg?auto=compress&cs=tinysrgb&h=650&w=940,940,627,pexels
technology gadgets,technology_gadgets_1.jpeg,https://images.pexels.com/photos/6215002/pexels-photo-6215002.jpeg?auto=compress&cs=tinysrgb&h=650&w=940,940,627,pexels
technology gadgets,technology_gadgets_2.jpeg,https://images.pexels.com/photos/6964340/pexels-photo-6964340.jpeg?auto=compress&cs=tinysrgb&h=650&w=940,486,650,pexels
technology gadgets,technology_gadgets_3.jpeg,https://images.pexels.com/photos/5240149/pexels-photo-5240149.jpeg?auto=compress&cs=tinysrgb&h=650&w=940,940,627,pexels
technology gadgets,technology_gadgets_4.jpeg,https://images.pexels.com/photos/4069293/pexels-photo-4069293.jpeg?auto=compress&cs=tinysrgb&h=650&w=940,940,511,pexels
technology gadgets,technology_gadgets_5.jpeg,https://images.pexels.com/photos/8424568/pexels-photo-8424568.jpeg?auto=compress&cs=tinysrgb&h=650&w=940,434,650,pexels
technology gadgets,technology_gadgets_6.jpeg,https://images.pexels.com/photos/3783348/pexels-photo-3783348.jpeg?auto=compress&cs=tinysrgb&h=650&w=940,940,627,pexels
technology gadgets,technology_gadgets_7.jpeg,https://images.pexels.com/photos/186464/pexels-photo-186464.jpeg?auto=compress&cs=tinysrgb&h=650&w=940,940,627,pexels
technology gadgets,technology_gadgets_8.jpeg,https://images.pexels.com/photos/593324/pexels-photo-593324.jpeg?auto=compress&cs=tinysrgb&h=650&w=940,940,627,pexels
technology gadgets,technology_gadgets_9.jpeg,https://images.pexels.com/photos/7394372/pexels-photo-7394372.jpeg?auto=compress&cs=tinysrgb&h=650&w=940,433,650,pexels
technology gadgets,technology_gadgets_10.jpeg,https://images.pexels.com/photos/8728560/pexels-photo-8728560.jpeg?auto=compress&cs=tinysrgb&h=650&w=940,940,627,pexels
technology gadgets,technology_gadgets_11.jpeg,https://images.pexels.com/photos/8533353/pexels-photo-8533353.jpeg?auto=compress&cs=tinysrgb&h=650&w=940,433,650,pexels
technology gadgets,technology_gadgets_12.jpeg,https://images.pexels.com/photos/7869034/pexels-photo-7869034.jpeg?auto=compress&cs=tinysrgb&h=650&w=940,940,627,pexels
technology gadgets,technology_gadgets_13.jpeg,https://images.pexels.com/photos/4065158/pexels-photo-4065158.jpeg?auto=compress&cs=tinysrgb&h=650&w=940,434,650,pexels
technology gadgets,technology_gadgets_14.jpeg,https://images.pexels.com/photos/8866726/pexels-photo-8866726.jpeg?auto=compress&cs=tinysrgb&h=650&w=940,940,627,pexels
technology gadgets,technology_gadgets_15.jpeg,https://images.pexels.com/photos/1647976/pexels-photo-1647976.jpeg?auto=compress&cs=tinysrgb&h=650&w=940,433,650,pexels
technology gadgets,technology_gadgets_16.jpeg,https://images.pexels.com/photos/3785868/pexels-photo-3785868.jpeg?auto=compress&cs=tinysrgb&h=650&w=940,488,650,pexels
technology gadgets,technology_gadgets_17.jpeg,https://images.pexels.com/photos/8721325/pexels-photo-8721325.jpeg?auto=compress&cs=tinysrgb&h=650&w=940,433,650,pexels
technology gadgets,technology_gadgets_18.jpeg,https://images.pexels.com/photos/4013230/pexels-photo-4013230.jpeg?auto=compress&cs=tinysrgb&h=650&w=940,500,650,pexels
technology gadgets,technology_gadgets_19.jpeg,https://images.pexels.com/photos/4065895/pexels-photo-4065895.jpeg?auto=compress&cs=tinysrgb&h=650&w=940,434,650,pexels
technology gadgets,technology_gadgets_20.jpeg,https://images.pexels.com/photos/3361492/pexels-photo-3361492.jpeg?auto=compress&cs=tinysrgb&h=650&w=940,940,625,pexels
technology gadgets,technology_gadgets_21.jpeg,https://images.pexels.com/photos/8250872/pexels-photo-8250872.jpeg?auto=compress&cs=tinysrgb&h=650&w=940,940,627,pexels
technology gadgets,technology_gadgets_22.jpeg,https://images.pexels.com/photos/8217289/pexels-photo-8217289.jpeg?auto=compress&cs=tinysrgb&h=650&w=940,940,627,pexels
technology gadgets,technology_gadgets_23.jpeg,https://images.pexels.com/photos/4065155/pexels-photo-4065155.jpeg?auto=compress&cs=tinysrgb&h=650&w=940,434,650,pexels
technology gadgets,technology_gadgets_24.jpeg,https://images.pexels.com/photos/3944406/pexels-photo-3944406.jpeg?auto=compress&cs=tinysrgb&h=650&w=940,940,627,pexels
technology gadgets,technology_gadgets_25.jpeg,https://images.pexels.com/photos/5989894/pexels-photo-5989894.jpeg?auto=compress&cs=tinysrgb&h=650&w=940,433,650,pexels
technology gadgets,technology_gadgets_26.jpeg,https://images.pexels.com/photos/7394380/pexels-photo-7394380.jpeg?auto=compress&cs=tinysrgb&h=650&w=940,940,627,pexels
technology gadgets,technology_gadgets_27.jpeg,https://images.pexels.com/photos/12935036/pexels-photo-12935036.png?auto=compress&cs=tinysrgb&h=650&w=940,940,627,pexels
technology gadgets,technology_gadgets_28.jpeg,https://images.pexels.com/photos/4284792/pexels-photo-4284792.jpeg?auto=compress&cs=tinysrgb&h=650&w=940,940,627,pexels
technology gadgets,technology_gadgets_29.jpeg,https://images.pexels.com/photos/1476321/pexels-photo-1476321.jpeg?auto=compress&cs=tinysrgb&h=650&w=940,867,650,pexels
technology gadgets,technology_gadgets_30.jpeg,https://images.pexels.com/photos/5717042/pexels-photo-5717042.jpeg?auto=compress&cs=tinysrgb&h=650&w=940,940,627,pexels
technology gadgets,technology_gadgets_31.jpeg,https://images.pexels.com/photos/6192508/pexels-photo-6192508.jpeg?auto=compress&cs=tinysrgb&h=650&w=940,940,627,pexels
technology gadgets,technology_gadgets_32.jpeg,https://images.pexels.com/photos/1037999/pexels-photo-1037999.jpeg?auto=compress&cs=tinysrgb&h=650&w=940,940,628,pexels
technology gadgets,technology_gadgets_33.jpeg,https://images.pexels.com/photos/8721322/pexels-photo-8721322.jpeg?auto=compress&cs=tinysrgb&h=650&w=940,940,627,pexels
technology gadgets,technology_gadgets_34.jpeg,https://images.pexels.com/photos/6589010/pexels-photo-6589010.jpeg?auto=compress&cs=tinysrgb&h=650&w=940,456,650,pexels
technology gadgets,technology_gadgets_35.jpeg,https://images.pexels.com/photos/6149784/pexels-photo-6149784.jpeg?auto=compress&cs=tinysrgb&h=650&w=940,940,627,pexels
technology gadgets,technology_gadgets_36.jpeg,https://images.pexels.com/photos/6373127/pexels-photo-6373127.jpeg?auto=compress&cs=tinysrgb&h=650&w=940,433,650,pexels
technology gadgets,technology_gadgets_37.jpeg,https://images.pexels.com/photos/5257221/pexels-photo-5257221.jpeg?auto=compress&cs=tinysrgb&h=650&w=940,433,650,pexels
technology gadgets,technology_gadgets_38.jpeg,https://images.pexels.com/photos/4065885/pexels-photo-4065885.jpeg?auto=compress&cs=tinysrgb&h=650&w=940,434,650,pexels
technology gadgets,technology_gadgets_39.jpeg,https://images.pexels.com/photos/8533358/pexels-photo-8533358.jpeg?auto=compress&cs=tinysrgb&h=650&w=940,433,650,pexels
technology gadgets,technology_gadgets_40.jpeg,https://images.pexels.com/photos/4065891/pexels-photo-4065891.jpeg?auto=compress&cs=tinysrgb&h=650&w=940,940,628,pexels
technology gadgets,technology_gadgets_41.jpeg,https://images.pexels.com/photos/3194519/pexels-photo-3194519.jpeg?auto=compress&cs=tinysrgb&h=650&w=940,433,650,pexels
technology gadgets,technology_gadgets_42.jpeg,https://images.pexels.com/photos/13988977/pexels-photo-13988977.jpeg?auto=compress&cs=tinysrgb&h=650&w=940,433,650,pexels
technology gadgets,technology_gadgets_43.jpeg,https://images.pexels.com/photos/3771127/pexels-photo-3771127.jpeg?auto=compress&cs=tinysrgb&h=650&w=940,433,650,pexels
technology gadgets,technology_gadgets_44.jpeg,https://images.pexels.com/photos/2225618/pexels-photo-2225618.jpeg?auto=compress&cs=tinysrgb&h=650&w=940,910,650,pexels
technology gadgets,technology_gadgets_45.jpeg,https://images.pexels.com/photos/6963013/pexels-photo-6963013.jpeg?auto=compress&cs=tinysrgb&h=650&w=940,442,650,pexels
technology gadgets,technology_gadgets_46.jpeg,https://images.pexels.com/photos/7394476/pexels-photo-7394476.jpeg?auto=compress&cs=tinysrgb&h=650&w=940,433,650,pexels
technology gadgets,technology_gadgets_47.jpeg,https://images.pexels.com/photos/5240088/pexels-photo-5240088.jpeg?auto=compress&cs=tinysrgb&h=650&w=940,940,627,pexels
technology gadgets,technology_gadgets_48.jpeg,https://images.pexels.com/photos/583842/pexels-photo-583842.jpeg?auto=compress&cs=tinysrgb&h=650&w=940,940,627,pexels
technology gadgets,technology_gadgets_49.jpeg,https://images.pexels.com/photos/6964363/pexels-photo-6964363.jpeg?auto=compress&cs=tinysrgb&h=650&w=940,940,627,pexels
underwater marine,underwater_marine_0.jpeg,https://images.pexels.com/photos/15763646/pexels-photo-15763646.jpeg?auto=compress&cs=tinysrgb&h=650&w=940,434,650,pexels
underwater marine,underwater_marine_1.jpeg,https://images.pexels.com/photos/6123079/pexels-photo-6123079.jpeg?auto=compress&cs=tinysrgb&h=650&w=940,433,650,pexels
underwater marine,underwater_marine_2.jpeg,https://images.pexels.com/photos/3098977/pexels-photo-3098977.jpeg?auto=compress&cs=tinysrgb&h=650&w=940,435,650,pexels
underwater marine,underwater_marine_3.jpeg,https://images.pexels.com/photos/1645028/pexels-photo-1645028.jpeg?auto=compress&cs=tinysrgb&h=650&w=940,867,650,pexels
underwater marine,underwater_marine_4.jpeg,https://images.pexels.com/photos/12572038/pexels-photo-12572038.jpeg?auto=compress&cs=tinysrgb&h=650&w=940,433,650,pexels
underwater marine,underwater_marine_5.jpeg,https://images.pexels.com/photos/1700656/pexels-photo-1700656.jpeg?auto=compress&cs=tinysrgb&h=650&w=940,650,650,pexels
underwater marine,underwater_marine_6.jpeg,https://images.pexels.com/photos/2765872/pexels-photo-2765872.jpeg?auto=compress&cs=tinysrgb&h=650&w=940,940,627,pexels
underwater marine,underwater_marine_7.jpeg,https://images.pexels.com/photos/1894344/pexels-photo-1894344.jpeg?auto=compress&cs=tinysrgb&h=650&w=940,840,650,pexels
underwater marine,underwater_marine_8.jpeg,https://images.pexels.com/photos/137612/pexels-photo-137612.jpeg?auto=compress&cs=tinysrgb&h=650&w=940,940,627,pexels
underwater marine,underwater_marine_9.jpeg,https://images.pexels.com/photos/1821724/pexels-photo-1821724.jpeg?auto=compress&cs=tinysrgb&h=650&w=940,867,650,pexels
underwater marine,underwater_marine_10.jpeg,https://images.pexels.com/photos/2602451/pexels-photo-2602451.jpeg?auto=compress&cs=tinysrgb&h=650&w=940,940,627,pexels
underwater marine,underwater_marine_11.jpeg,https://images.pexels.com/photos/3167782/pexels-photo-3167782.jpeg?auto=compress&cs=tinysrgb&h=650&w=940,867,650,pexels
underwater marine,underwater_marine_12.jpeg,https://images.pexels.com/photos/30953361/pexels-photo-30953361.jpeg?auto=compress&cs=tinysrgb&h=650&w=940,506,650,pexels
underwater marine,underwater_marine_13.jpeg,https://images.pexels.com/photos/2832772/pexels-photo-2832772.jpeg?auto=compress&cs=tinysrgb&h=650&w=940,940,529,pexels
underwater marine,underwater_marine_14.jpeg,https://images.pexels.com/photos/2397412/pexels-photo-2397412.jpeg?auto=compress&cs=tinysrgb&h=650&w=940,488,650,pexels
underwater marine,underwater_marine_15.jpeg,https://images.pexels.com/photos/978342/pexels-photo-978342.jpeg?auto=compress&cs=tinysrgb&h=650&w=940,867,650,pexels
underwater marine,underwater_marine_16.jpeg,https://images.pexels.com/photos/2053815/pexels-photo-2053815.jpeg?auto=compress&cs=tinysrgb&h=650&w=940,940,625,pexels
underwater marine,underwater_marine_17.jpeg,https://images.pexels.com/photos/3820941/pexels-photo-3820941.jpeg?auto=compress&cs=tinysrgb&h=650&w=940,867,650,pexels
underwater marine,underwater_marine_18.jpeg,https://images.pexels.com/photos/3934192/pexels-photo-3934192.jpeg?auto=compress&cs=tinysrgb&h=650&w=940,940,628,pexels
underwater marine,underwater_marine_19.jpeg,https://images.pexels.com/photos/2413656/pexels-photo-2413656.jpeg?auto=compress&cs=tinysrgb&h=650&w=940,940,633,pexels
underwater marine,underwater_marine_20.jpeg,https://images.pexels.com/photos/1457787/pexels-photo-1457787.jpeg?auto=compress&cs=tinysrgb&h=650&w=940,505,650,pexels
underwater marine,underwater_marine_21.jpeg,https://images.pexels.com/photos/7232505/pexels-photo-7232505.jpeg?auto=compress&cs=tinysrgb&h=650&w=940,940,529,pexels
underwater marine,underwater_marine_22.jpeg,https://images.pexels.com/photos/137616/pexels-photo-137616.jpeg?auto=compress&cs=tinysrgb&h=650&w=940,940,627,pexels
underwater marine,underwater_marine_23.jpeg,https://images.pexels.com/photos/11348763/pexels-photo-11348763.jpeg?auto=compress&cs=tinysrgb&h=650&w=940,940,627,pexels
underwater marine,underwater_marine_24.jpeg,https://images.pexels.com/photos/5349869/pexels-photo-5349869.jpeg?auto=compress&cs=tinysrgb&h=650&w=940,359,650,pexels
underwater marine,underwater_marine_25.jpeg,https://images.pexels.com/photos/26045508/pexels-photo-26045508.jpeg?auto=compress&cs=tinysrgb&h=650&w=940,940,626,pexels
underwater marine,underwater_marine_26.jpeg,https://images.pexels.com/photos/28743445/pexels-photo-28743445.jpeg?auto=compress&cs=tinysrgb&h=650&w=940,482,650,pexels
underwater marine,underwater_marine_27.jpeg,https://images.pexels.com/photos/15048054/pexels-photo-15048054.jpeg?auto=compress&cs=tinysrgb&h=650&w=940,488,650,pexels
underwater marine,underwater_marine_28.jpeg,https://images.pexels.com/photos/19599903/pexels-photo-19599903.jpeg?auto=compress&cs=tinysrgb&h=650&w=940,867,650,pexels
underwater marine,underwater_marine_29.jpeg,https://images.pexels.com/photos/5901263/pexels-photo-5901263.jpeg?auto=compress&cs=tinysrgb&h=650&w=940,434,650,pexels
underwater marine,underwater_marine_30.jpeg,https://images.pexels.com/photos/3716928/pexels-photo-3716928.jpeg?auto=compress&cs=tinysrgb&h=650&w=940,488,650,pexels
underwater marine,underwater_marine_31.jpeg,https://images.pexels.com/photos/5560868/pexels-photo-5560868.jpeg?auto=compress&cs=tinysrgb&h=650&w=940,473,650,pexels
underwater marine,underwater_marine_32.jpeg,https://images.pexels.com/photos/9428788/pexels-photo-9428788.jpeg?auto=compress&cs=tinysrgb&h=650&w=940,940,627,pexels
underwater marine,underwater_marine_33.jpeg,https://images.pexels.com/photos/2234858/pexels-photo-2234858.jpeg?auto=compress&cs=tinysrgb&h=650&w=940,867,650,pexels
underwater marine,underwater_marine_34.jpeg,https://images.pexels.com/photos/2412715/pexels-photo-2412715.jpeg?auto=compress&cs=tinysrgb&h=650&w=940,488,650,pexels
underwater marine,underwater_marine_35.jpeg,https://images.pexels.com/photos/6125629/pexels-photo-6125629.jpeg?auto=compress&cs=tinysrgb&h=650&w=940,433,650,pexels
underwater marine,underwater_marine_36.jpeg,https://images.pexels.com/photos/2105912/pexels-photo-2105912.jpeg?auto=compress&cs=tinysrgb&h=650&w=940,488,650,pexels
underwater marine,underwater_marine_37.jpeg,https://images.pexels.com/photos/5277693/pexels-photo-5277693.jpeg?auto=compress&cs=tinysrgb&h=650&w=940,452,650,pexels
underwater marine,underwater_marine_38.jpeg,https://images.pexels.com/photos/2404365/pexels-photo-2404365.jpeg?auto=compress&cs=tinysrgb&h=650&w=940,565,650,pexels
underwater marine,underwater_marine_39.jpeg,https://images.pexels.com/photos/2422917/pexels-photo-2422917.jpeg?auto=compress&cs=tinysrgb&h=650&w=940,867,650,pexels
underwater marine,underwater_marine_40.jpeg,https://images.pexels.com/photos/2698688/pexels-photo-2698688.jpeg?auto=compress&cs=tinysrgb&h=650&w=940,433,650,pexels
underwater marine,underwater_marine_41.jpeg,https://images.pexels.com/photos/2698871/pexels-photo-2698871.jpeg?auto=compress&cs=tinysrgb&h=650&w=940,520,650,pexels
underwater marine,underwater_marine_42.jpeg,https://images.pexels.com/photos/1452701/pexels-photo-1452701.jpeg?auto=compress&cs=tinysrgb&h=650&w=940,940,528,pexels
underwater marine,underwater_marine_43.jpeg,https://images.pexels.com/photos/920157/pexels-photo-920157.jpeg?auto=compress&cs=tinysrgb&h=650&w=940,940,565,pexels
underwater marine,underwater_marine_44.jpeg,https://images.pexels.com/photos/2281793/pexels-photo-2281793.jpeg?auto=compress&cs=tinysrgb&h=650&w=940,936,650,pexels
underwater marine,underwater_marine_45.jpeg,https://images.pexels.com/photos/3990827/pexels-photo-3990827.jpeg?auto=compress&cs=tinysrgb&h=650&w=940,940,627,pexels
underwater marine,underwater_marine_46.jpeg,https://images.pexels.com/photos/3608311/pexels-photo-3608311.jpeg?auto=compress&cs=tinysrgb&h=650&w=940,940,529,pexels
underwater marine,underwater_marine_47.jpeg,https://images.pexels.com/photos/3555441/pexels-photo-3555441.jpeg?auto=compress&cs=tinysrgb&h=650&w=940,487,650,pexels
underwater marine,underwater_marine_48.jpeg,https://images.pexels.com/photos/9500557/pexels-photo-9500557.jpeg?auto=compress&cs=tinysrgb&h=650&w=940,940,627,pexels
underwater marine,underwater_marine_49.jpeg,https://images.pexels.com/photos/26691734/pexels-photo-26691734.jpeg?auto=compress&cs=tinysrgb&h=650&w=940,433,650,pexels
historical monuments,historical_monuments_0.jpeg,https://images.pexels.com/photos/9256357/pexels-photo-9256357.jpeg?auto=compress&cs=tinysrgb&h=650&w=940,488,650,pexels
historical monuments,historical_monuments_1.jpeg,https://images.pexels.com/photos/16586603/pexels-photo-16586603.jpeg?auto=compress&cs=tinysrgb&h=650&w=940,940,629,pexels
historical monuments,historical_monuments_2.jpeg,https://images.pexels.com/photos/15891101/pexels-photo-15891101.jpeg?auto=compress&cs=tinysrgb&h=650&w=940,433,650,pexels
historical monuments,historical_monuments_3.jpeg,https://images.pexels.com/photos/15238556/pexels-photo-15238556.jpeg?auto=compress&cs=tinysrgb&h=650&w=940,940,627,pexels
historical monuments,historical_monuments_4.jpeg,https://images.pexels.com/photos/17549353/pexels-photo-17549353.jpeg?auto=compress&cs=tinysrgb&h=650&w=940,435,650,pexels
historical monuments,historical_monuments_5.jpeg,https://images.pexels.com/photos/2402916/pexels-photo-2402916.jpeg?auto=compress&cs=tinysrgb&h=650&w=940,940,627,pexels
historical monuments,historical_monuments_6.jpeg,https://images.pexels.com/photos/8637599/pexels-photo-8637599.jpeg?auto=compress&cs=tinysrgb&h=650&w=940,433,650,pexels
historical monuments,historical_monuments_7.jpeg,https://images.pexels.com/photos/12467087/pexels-photo-12467087.jpeg?auto=compress&cs=tinysrgb&h=650&w=940,433,650,pexels
historical monuments,historical_monuments_8.jpeg,https://images.pexels.com/photos/19892822/pexels-photo-19892822.jpeg?auto=compress&cs=tinysrgb&h=650&w=940,433,650,pexels
historical monuments,historical_monuments_9.jpeg,https://images.pexels.com/photos/6215368/pexels-photo-6215368.jpeg?auto=compress&cs=tinysrgb&h=650&w=940,433,650,pexels
historical monuments,historical_monuments_10.jpeg,https://images.pexels.com/photos/6493540/pexels-photo-6493540.jpeg?auto=compress&cs=tinysrgb&h=650&w=940,940,627,pexels
historical monuments,historical_monuments_11.jpeg,https://images.pexels.com/photos/6907844/pexels-photo-6907844.jpeg?auto=compress&cs=tinysrgb&h=650&w=940,940,627,pexels
historical monuments,historical_monuments_12.jpeg,https://images.pexels.com/photos/17792820/pexels-photo-17792820.jpeg?auto=compress&cs=tinysrgb&h=650&w=940,434,650,pexels
historical monuments,historical_monuments_13.jpeg,https://images.pexels.com/photos/29486384/pexels-photo-29486384.jpeg?auto=compress&cs=tinysrgb&h=650&w=940,366,650,pexels
historical monuments,historical_monuments_14.jpeg,https://images.pexels.com/photos/6841295/pexels-photo-6841295.jpeg?auto=compress&cs=tinysrgb&h=650&w=940,433,650,pexels
historical monuments,historical_monuments_15.jpeg,https://images.pexels.com/photos/28901029/pexels-photo-28901029.jpeg?auto=compress&cs=tinysrgb&h=650&w=940,487,650,pexels
historical monuments,historical_monuments_16.jpeg,https://images.pexels.com/photos/19215366/pexels-photo-19215366.jpeg?auto=compress&cs=tinysrgb&h=650&w=940,433,650,pexels
historical monuments,historical_monuments_17.jpeg,https://images.pexels.com/photos/16762778/pexels-photo-16762778.jpeg?auto=compress&cs=tinysrgb&h=650&w=940,940,627,pexels
historical monuments,historical_monuments_18.jpeg,https://images.pexels.com/photos/17414823/pexels-photo-17414823.jpeg?auto=compress&cs=tinysrgb&h=650&w=940,366,650,pexels
historical monuments,historical_monuments_19.jpeg,https://images.pexels.com/photos/8692997/pexels-photo-8692997.jpeg?auto=compress&cs=tinysrgb&h=650&w=940,940,623,pexels
historical monuments,historical_monuments_20.jpeg,https://images.pexels.com/photos/8416154/pexels-photo-8416154.jpeg?auto=compress&cs=tinysrgb&h=650&w=940,867,650,pexels
historical monuments,historical_monuments_21.jpeg,https://images.pexels.com/photos/15188093/pexels-photo-15188093.jpeg?auto=compress&cs=tinysrgb&h=650&w=940,940,627,pexels
historical monuments,historical_monuments_22.jpeg,https://images.pexels.com/photos/18760649/pexels-photo-18760649.jpeg?auto=compress&cs=tinysrgb&h=650&w=940,940,627,pexels
historical monuments,historical_monuments_23.jpeg,https://images.pexels.com/photos/12179241/pexels-photo-12179241.jpeg?auto=compress&cs=tinysrgb&h=650&w=940,940,623,pexels
historical monuments,historical_monuments_24.jpeg,https://images.pexels.com/photos/19130087/pexels-photo-19130087.jpeg?auto=compress&cs=tinysrgb&h=650&w=940,940,627,pexels
historical monuments,historical_monuments_25.jpeg,https://images.pexels.com/photos/14302398/pexels-photo-14302398.jpeg?auto=compress&cs=tinysrgb&h=650&w=940,940,627,pexels
historical monuments,historical_monuments_26.jpeg,https://images.pexels.com/photos/11622824/pexels-photo-11622824.jpeg?auto=compress&cs=tinysrgb&h=650&w=940,940,627,pexels
historical monuments,historical_monuments_27.jpeg,https://images.pexels.com/photos/14018944/pexels-photo-14018944.jpeg?auto=compress&cs=tinysrgb&h=650&w=940,433,650,pexels
historical monuments,historical_monuments_28.jpeg,https://images.pexels.com/photos/26081721/pexels-photo-26081721.jpeg?auto=compress&cs=tinysrgb&h=650&w=940,940,528,pexels
historical monuments,historical_monuments_29.jpeg,https://images.pexels.com/photos/29875555/pexels-photo-29875555.jpeg?auto=compress&cs=tinysrgb&h=650&w=940,940,627,pexels
historical monuments,historical_monuments_30.jpeg,https://images.pexels.com/photos/12900779/pexels-photo-12900779.jpeg?auto=compress&cs=tinysrgb&h=650&w=940,940,627,pexels
historical monuments,historical_monuments_31.jpeg,https://images.pexels.com/photos/13536869/pexels-photo-13536869.jpeg?auto=compress&cs=tinysrgb&h=650&w=940,488,650,pexels
historical monuments,historical_monuments_32.jpeg,https://images.pexels.com/photos/4679131/pexels-photo-4679131.jpeg?auto=compress&cs=tinysrgb&h=650&w=940,433,650,pexels
historical monuments,historical_monuments_33.jpeg,https://images.pexels.com/photos/15177976/pexels-photo-15177976.jpeg?auto=compress&cs=tinysrgb&h=650&w=940,940,627,pexels
historical monuments,historical_monuments_34.jpeg,https://images.pexels.com/photos/17843112/pexels-photo-17843112.jpeg?auto=compress&cs=tinysrgb&h=650&w=940,433,650,pexels
historical monuments,historical_monuments_35.jpeg,https://images.pexels.com/photos/18228013/pexels-photo-18228013.jpeg?auto=compress&cs=tinysrgb&h=650&w=940,433,650,pexels
historical monuments,historical_monuments_36.jpeg,https://images.pexels.com/photos/14801834/pexels-photo-14801834.jpeg?auto=compress&cs=tinysrgb&h=650&w=940,351,650,pexels
historical monuments,historical_monuments_37.jpeg,https://images.pexels.com/photos/18934606/pexels-photo-18934606.jpeg?auto=compress&cs=tinysrgb&h=650&w=940,940,627,pexels
historical monuments,historical_monuments_38.jpeg,https://images.pexels.com/photos/29344227/pexels-photo-29344227.jpeg?auto=compress&cs=tinysrgb&h=650&w=940,433,650,pexels
historical monuments,historical_monuments_39.jpeg,https://images.pexels.com/photos/15069276/pexels-photo-15069276.png?auto=compress&cs=tinysrgb&h=650&w=940,940,628,pexels
historical monuments,historical_monuments_40.jpeg,https://images.pexels.com/photos/24244332/pexels-photo-24244332.jpeg?auto=compress&cs=tinysrgb&h=650&w=940,366,650,pexels
historical monuments,historical_monuments_41.jpeg,https://images.pexels.com/photos/29651458/pexels-photo-29651458.jpeg?auto=compress&cs=tinysrgb&h=650&w=940,940,627,pexels
historical monuments,historical_monuments_42.jpeg,https://images.pexels.com/photos/16529970/pexels-photo-16529970.jpeg?auto=compress&cs=tinysrgb&h=650&w=940,433,650,pexels
historical monuments,historical_monuments_43.jpeg,https://images.pexels.com/photos/16156766/pexels-photo-16156766.jpeg?auto=compress&cs=tinysrgb&h=650&w=940,433,650,pexels
historical monuments,historical_monuments_44.jpeg,https://images.pexels.com/photos/29676702/pexels-photo-29676702.jpeg?auto=compress&cs=tinysrgb&h=650&w=940,940,627,pexels
historical monuments,historical_monuments_45.jpeg,https://images.pexels.com/photos/15976966/pexels-photo-15976966.jpeg?auto=compress&cs=tinysrgb&h=650&w=940,940,627,pexels
historical monuments,historical_monuments_46.jpeg,https://images.pexels.com/photos/29055855/pexels-photo-29055855.jpeg?auto=compress&cs=tinysrgb&h=650&w=940,488,650,pexels
historical monuments,historical_monuments_47.jpeg,https://images.pexels.com/photos/19717903/pexels-photo-19717903.jpeg?auto=compress&cs=tinysrgb&h=650&w=940,940,627,pexels
historical monuments,historical_monuments_48.jpeg,https://images.pexels.com/photos/19225802/pexels-photo-19225802.jpeg?auto=compress&cs=tinysrgb&h=650&w=940,433,650,pexels
historical monuments,historical_monuments_49.jpeg,https://images.pexels.com/photos/12688363/pexels-photo-12688363.jpeg?auto=compress&cs=tinysrgb&h=650&w=940,488,650,pexels
street photography,street_photography_0.jpeg,https://images.pexels.com/photos/31023717/pexels-photo-31023717.jpeg?auto=compress&cs=tinysrgb&h=650&w=940,520,650,pexels
street photography,street_photography_1.jpeg,https://images.pexels.com/photos/31010016/pexels-photo-31010016.jpeg?auto=compress&cs=tinysrgb&h=650&w=940,433,650,pexels
street photography,street_photography_2.jpeg,https://images.pexels.com/photos/31023718/pexels-photo-31023718.jpeg?auto=compress&cs=tinysrgb&h=650&w=940,940,627,pexels
street photography,street_photography_3.jpeg,https://images.pexels.com/photos/31009763/pexels-photo-31009763.jpeg?auto=compress&cs=tinysrgb&h=650&w=940,520,650,pexels
street photography,street_photography_4.jpeg,https://images.pexels.com/photos/31001971/pexels-photo-31001971.jpeg?auto=compress&cs=tinysrgb&h=650&w=940,433,650,pexels
street photography,street_photography_5.jpeg,https://images.pexels.com/photos/31016251/pexels-photo-31016251.jpeg?auto=compress&cs=tinysrgb&h=650&w=940,366,650,pexels
street photography,street_photography_6.jpeg,https://images.pexels.com/photos/31021415/pexels-photo-31021415.jpeg?auto=compress&cs=tinysrgb&h=650&w=940,488,650,pexels
street photography,street_photography_7.jpeg,https://images.pexels.com/photos/31020971/pexels-photo-31020971.jpeg?auto=compress&cs=tinysrgb&h=650&w=940,520,650,pexels
street photography,street_photography_8.jpeg,https://images.pexels.com/photos/30958939/pexels-photo-30958939.jpeg?auto=compress&cs=tinysrgb&h=650&w=940,433,650,pexels
street photography,street_photography_9.jpeg,https://images.pexels.com/photos/1474157/pexels-photo-1474157.jpeg?auto=compress&cs=tinysrgb&h=650&w=940,433,650,pexels
street photography,street_photography_10.jpeg,https://images.pexels.com/photos/30953859/pexels-photo-30953859.jpeg?auto=compress&cs=tinysrgb&h=650&w=940,433,650,pexels
street photography,street_photography_11.jpeg,https://images.pexels.com/photos/3538030/pexels-photo-3538030.jpeg?auto=compress&cs=tinysrgb&h=650&w=940,433,650,pexels
street photography,street_photography_12.jpeg,https://images.pexels.com/photos/31016452/pexels-photo-31016452.jpeg?auto=compress&cs=tinysrgb&h=650&w=940,940,627,pexels
street photography,street_photography_13.jpeg,https://images.pexels.com/photos/3299386/pexels-photo-3299386.jpeg?auto=compress&cs=tinysrgb&h=650&w=940,431,650,pexels
street photography,street_photography_14.jpeg,https://images.pexels.com/photos/30975725/pexels-photo-30975725.jpeg?auto=compress&cs=tinysrgb&h=650&w=940,488,650,pexels
street photography,street_photography_15.jpeg,https://images.pexels.com/photos/31018633/pexels-photo-31018633.jpeg?auto=compress&cs=tinysrgb&h=650&w=940,940,627,pexels
street photography,street_photography_16.jpeg,https://images.pexels.com/photos/1045534/pexels-photo-1045534.jpeg?auto=compress&cs=tinysrgb&h=650&w=940,940,627,pexels
street photography,street_photography_17.jpeg,https://images.pexels.com/photos/31020675/pexels-photo-31020675.jpeg?auto=compress&cs=tinysrgb&h=650&w=940,366,650,pexels
street photography,street_photography_18.jpeg,https://images.pexels.com/photos/31008414/pexels-photo-31008414.jpeg?auto=compress&cs=tinysrgb&h=650&w=940,520,650,pexels
street photography,street_photography_19.jpeg,https://images.pexels.com/photos/1762186/pexels-photo-1762186.jpeg?auto=compress&cs=tinysrgb&h=650&w=940,433,650,pexels
street photography,street_photography_20.jpeg,https://images.pexels.com/photos/31024562/pexels-photo-31024562.jpeg?auto=compress&cs=tinysrgb&h=650&w=940,940,627,pexels
street photography,street_photography_21.jpeg,https://images.pexels.com/photos/3644048/pexels-photo-3644048.jpeg?auto=compress&cs=tinysrgb&h=650&w=940,433,650,pexels
street photography,street_photography_22.jpeg,https://images.pexels.com/photos/3678857/pexels-photo-3678857.jpeg?auto=compress&cs=tinysrgb&h=650&w=940,433,650,pexels
street photography,street_photography_23.jpeg,https://images.pexels.com/photos/31017014/pexels-photo-31017014.jpeg?auto=compress&cs=tinysrgb&h=650&w=940,434,650,pexels
street photography,street_photography_24.jpeg,https://images.pexels.com/photos/31010006/pexels-photo-31010006.jpeg?auto=compress&cs=tinysrgb&h=650&w=940,433,650,pexels
street photography,street_photography_25.jpeg,https://images.pexels.com/photos/31012675/pexels-photo-31012675.jpeg?auto=compress&cs=tinysrgb&h=650&w=940,433,650,pexels
street photography,street_photography_26.jpeg,https://images.pexels.com/photos/31005798/pexels-photo-31005798.jpeg?auto=compress&cs=tinysrgb&h=650&w=940,940,625,pexels
street photography,street_photography_27.jpeg,https://images.pexels.com/photos/31020147/pexels-photo-31020147.jpeg?auto=compress&cs=tinysrgb&h=650&w=940,488,650,pexels
street photography,street_photography_28.jpeg,https://images.pexels.com/photos/30979521/pexels-photo-30979521.jpeg?auto=compress&cs=tinysrgb&h=650&w=940,433,650,pexels
street photography,street_photography_29.jpeg,https://images.pexels.com/photos/3646104/pexels-photo-3646104.jpeg?auto=compress&cs=tinysrgb&h=650&w=940,488,650,pexels
street photography,street_photography_30.jpeg,https://images.pexels.com/photos/31019370/pexels-photo-31019370.jpeg?auto=compress&cs=tinysrgb&h=650&w=940,940,640,pexels
street photography,street_photography_31.jpeg,https://images.pexels.com/photos/3881034/pexels-photo-3881034.jpeg?auto=compress&cs=tinysrgb&h=650&w=940,433,650,pexels
street photography,street_photography_32.jpeg,https://images.pexels.com/photos/31001655/pexels-photo-31001655.jpeg?auto=compress&cs=tinysrgb&h=650&w=940,940,627,pexels
street photography,street_photography_33.jpeg,https://images.pexels.com/photos/31010007/pexels-photo-31010007.jpeg?auto=compress&cs=tinysrgb&h=650&w=940,433,650,pexels
street photography,street_photography_34.jpeg,https://images.pexels.com/photos/3075535/pexels-photo-3075535.jpeg?auto=compress&cs=tinysrgb&h=650&w=940,434,650,pexels
street photography,street_photography_35.jpeg,https://images.pexels.com/photos/3487873/pexels-photo-3487873.jpeg?auto=compress&cs=tinysrgb&h=650&w=940,433,650,pexels
street photography,street_photography_36.jpeg,https://images.pexels.com/photos/31015219/pexels-photo-31015219.jpeg?auto=compress&cs=tinysrgb&h=650&w=940,433,650,pexels
street photography,street_photography_37.jpeg,https://images.pexels.com/photos/3288854/pexels-photo-3288854.jpeg?auto=compress&cs=tinysrgb&h=650&w=940,432,650,pexels
street photography,street_photography_38.jpeg,https://images.pexels.com/photos/1904076/pexels-photo-1904076.jpeg?auto=compress&cs=tinysrgb&h=650&w=940,433,650,pexels
street photography,street_photography_39.jpeg,https://images.pexels.com/photos/30995416/pexels-photo-30995416.jpeg?auto=compress&cs=tinysrgb&h=650&w=940,463,650,pexels
street photography,street_photography_40.jpeg,https://images.pexels.com/photos/1091270/pexels-photo-1091270.jpeg?auto=compress&cs=tinysrgb&h=650&w=940,940,627,pexels
street photography,street_photography_41.jpeg,https://images.pexels.com/photos/4031864/pexels-photo-4031864.jpeg?auto=compress&cs=tinysrgb&h=650&w=940,940,627,pexels
street photography,street_photography_42.jpeg,https://images.pexels.com/photos/30991787/pexels-photo-30991787.jpeg?auto=compress&cs=tinysrgb&h=650&w=940,433,650,pexels
street photography,street_photography_43.jpeg,https://images.pexels.com/photos/3389817/pexels-photo-3389817.jpeg?auto=compress&cs=tinysrgb&h=650&w=940,433,650,pexels
street photography,street_photography_44.jpeg,https://images.pexels.com/photos/31000207/pexels-photo-31000207.jpeg?auto=compress&cs=tinysrgb&h=650&w=940,366,650,pexels
street photography,street_photography_45.jpeg,https://images.pexels.com/photos/31011073/pexels-photo-31011073.jpeg?auto=compress&cs=tinysrgb&h=650&w=940,650,650,pexels
street photography,street_photography_46.jpeg,https://images.pexels.com/photos/31018995/pexels-photo-31018995.jpeg?auto=compress&cs=tinysrgb&h=650&w=940,365,650,pexels
street photography,street_photography_47.jpeg,https://images.pexels.com/photos/1344537/pexels-photo-1344537.jpeg?auto=compress&cs=tinysrgb&h=650&w=940,940,627,pexels
street photography,street_photography_48.jpeg,https://images.pexels.com/photos/31023938/pexels-photo-31023938.jpeg?auto=compress&cs=tinysrgb&h=650&w=940,433,650,pexels
street photography,street_photography_49.jpeg,https://images.pexels.com/photos/4652004/pexels-photo-4652004.jpeg?auto=compress&cs=tinysrgb&h=650&w=940,433,650,pexels
musical instruments,musical_instruments_0.jpeg,https://images.pexels.com/photos/7095718/pexels-photo-7095718.jpeg?auto=compress&cs=tinysrgb&h=650&w=940,940,627,pexels
musical instruments,musical_instruments_1.jpeg,https://images.pexels.com/photos/7097457/pexels-photo-7097457.jpeg?auto=compress&cs=tinysrgb&h=650&w=940,940,627,pexels
musical instruments,musical_instruments_2.jpeg,https://images.pexels.com/photos/3591232/pexels-photo-3591232.jpeg?auto=compress&cs=tinysrgb&h=650&w=940,520,650,pexels
musical instruments,musical_instruments_3.jpeg,https://images.pexels.com/photos/30993848/pexels-photo-30993848.jpeg?auto=compress&cs=tinysrgb&h=650&w=940,940,627,pexels
musical instruments,musical_instruments_4.jpeg,https://images.pexels.com/photos/8638000/pexels-photo-8638000.jpeg?auto=compress&cs=tinysrgb&h=650&w=940,940,627,pexels
musical instruments,musical_instruments_5.jpeg,https://images.pexels.com/photos/167467/pexels-photo-167467.jpeg?auto=compress&cs=tinysrgb&h=650&w=940,940,623,pexels
musical instruments,musical_instruments_6.jpeg,https://images.pexels.com/photos/5650904/pexels-photo-5650904.jpeg?auto=compress&cs=tinysrgb&h=650&w=940,433,650,pexels
musical instruments,musical_instruments_7.jpeg,https://images.pexels.com/photos/9419244/pexels-photo-9419244.jpeg?auto=compress&cs=tinysrgb&h=650&w=940,940,627,pexels
musical instruments,musical_instruments_8.jpeg,https://images.pexels.com/photos/5650536/pexels-photo-5650536.jpeg?auto=compress&cs=tinysrgb&h=650&w=940,940,627,pexels
musical instruments,musical_instruments_9.jpeg,https://images.pexels.com/photos/1010519/pexels-photo-1010519.jpeg?auto=compress&cs=tinysrgb&h=650&w=940,265,650,pexels
musical instruments,musical_instruments_10.jpeg,https://images.pexels.com/photos/8041164/pexels-photo-8041164.jpeg?auto=compress&cs=tinysrgb&h=650&w=940,940,627,pexels
musical instruments,musical_instruments_11.jpeg,https://images.pexels.com/photos/2601192/pexels-photo-2601192.jpeg?auto=compress&cs=tinysrgb&h=650&w=940,940,623,pexels
musical instruments,musical_instruments_12.jpeg,https://images.pexels.com/photos/68710/pexels-photo-68710.jpeg?auto=compress&cs=tinysrgb&h=650&w=940,940,625,pexels
musical instruments,musical_instruments_13.jpeg,https://images.pexels.com/photos/1267297/pexels-photo-1267297.jpeg?auto=compress&cs=tinysrgb&h=650&w=940,940,627,pexels
musical instruments,musical_instruments_14.jpeg,https://images.pexels.com/photos/7095029/pexels-photo-7095029.jpeg?auto=compress&cs=tinysrgb&h=650&w=940,940,627,pexels
musical instruments,musical_instruments_15.jpeg,https://images.pexels.com/photos/2601186/pexels-photo-2601186.jpeg?auto=compress&cs=tinysrgb&h=650&w=940,940,623,pexels
musical instruments,musical_instruments_16.jpeg,https://images.pexels.com/photos/7095832/pexels-photo-7095832.jpeg?auto=compress&cs=tinysrgb&h=650&w=940,940,627,pexels
musical instruments,musical_instruments_17.jpeg,https://images.pexels.com/photos/5650946/pexels-photo-5650946.jpeg?auto=compress&cs=tinysrgb&h=650&w=940,433,650,pexels
musical instruments,musical_instruments_18.jpeg,https://images.pexels.com/photos/1625355/pexels-photo-1625355.jpeg?auto=compress&cs=tinysrgb&h=650&w=940,940,627,pexels
musical instruments,musical_instruments_19.jpeg,https://images.pexels.com/photos/7095710/pexels-photo-7095710.jpeg?auto=compress&cs=tinysrgb&h=650&w=940,940,627,pexels
musical instruments,musical_instruments_20.jpeg,https://images.pexels.com/photos/8132516/pexels-photo-8132516.jpeg?auto=compress&cs=tinysrgb&h=650&w=940,433,650,pexels
musical instruments,musical_instruments_21.jpeg,https://images.pexels.com/photos/1765712/pexels-photo-1765712.jpeg?auto=compress&cs=tinysrgb&h=650&w=940,940,627,pexels
musical instruments,musical_instruments_22.jpeg,https://images.pexels.com/photos/2091374/pexels-photo-2091374.jpeg?auto=compress&cs=tinysrgb&h=650&w=940,940,627,pexels
musical instruments,musical_instruments_23.jpeg,https://images.pexels.com/photos/7802575/pexels-photo-7802575.jpeg?auto=compress&cs=tinysrgb&h=650&w=940,940,628,pexels
musical instruments,musical_instruments_24.jpeg,https://images.pexels.com/photos/2614942/pexels-photo-2614942.jpeg?auto=compress&cs=tinysrgb&h=650&w=940,433,650,pexels
musical instruments,musical_instruments_25.jpeg,https://images.pexels.com/photos/7097459/pexels-photo-7097459.jpeg?auto=compress&cs=tinysrgb&h=650&w=940,940,627,pexels
musical instruments,musical_instruments_26.jpeg,https://images.pexels.com/photos/1918162/pexels-photo-1918162.jpeg?auto=compress&cs=tinysrgb&h=650&w=940,940,627,pexels
musical instruments,musical_instruments_27.jpeg,https://images.pexels.com/photos/10667616/pexels-photo-10667616.jpeg?auto=compress&cs=tinysrgb&h=650&w=940,940,627,pexels
musical instruments,musical_instruments_28.jpeg,https://images.pexels.com/photos/7095737/pexels-photo-7095737.jpeg?auto=compress&cs=tinysrgb&h=650&w=940,940,627,pexels
musical instruments,musical_instruments_29.jpeg,https://images.pexels.com/photos/9010072/pexels-photo-9010072.jpeg?auto=compress&cs=tinysrgb&h=650&w=940,940,627,pexels
musical instruments,musical_instruments_30.jpeg,https://images.pexels.com/photos/1749822/pexels-photo-1749822.jpeg?auto=compress&cs=tinysrgb&h=650&w=940,940,612,pexels
musical instruments,musical_instruments_31.jpeg,https://images.pexels.com/photos/7577329/pexels-photo-7577329.jpeg?auto=compress&cs=tinysrgb&h=650&w=940,433,650,pexels
musical instruments,musical_instruments_32.jpeg,https://images.pexels.com/photos/45243/saxophone-music-gold-gloss-45243.jpeg?auto=compress&cs=tinysrgb&h=650&w=940,940,627,pexels
musical instruments,musical_instruments_33.jpeg,https://images.pexels.com/photos/7095819/pexels-photo-7095819.jpeg?auto=compress&cs=tinysrgb&h=650&w=940,940,627,pexels
musical instruments,musical_instruments_34.jpeg,https://images.pexels.com/photos/7502208/pexels-photo-7502208.jpeg?auto=compress&cs=tinysrgb&h=650&w=940,940,627,pexels
musical instruments,musical_instruments_35.jpeg,https://images.pexels.com/photos/6252138/pexels-photo-6252138.jpeg?auto=compress&cs=tinysrgb&h=650&w=940,940,627,pexels
musical instruments,musical_instruments_36.jpeg,https://images.pexels.com/photos/158664/african-instruments-background-music-158664.jpeg?auto=compress&cs=tinysrgb&h=650&w=940,783,650,pexels
musical instruments,musical_instruments_37.jpeg,https://images.pexels.com/photos/1943411/pexels-photo-1943411.jpeg?auto=compress&cs=tinysrgb&h=650&w=940,433,650,pexels
musical instruments,musical_instruments_38.jpeg,https://images.pexels.com/photos/9419405/pexels-photo-9419405.jpeg?auto=compress&cs=tinysrgb&h=650&w=940,940,627,pexels
musical instruments,musical_instruments_39.jpeg,https://images.pexels.com/photos/2247678/pexels-photo-2247678.jpeg?auto=compress&cs=tinysrgb&h=650&w=940,650,650,pexels
musical instruments,musical_instruments_40.jpeg,https://images.pexels.com/photos/4087997/pexels-photo-4087997.jpeg?auto=compress&cs=tinysrgb&h=650&w=940,940,627,pexels
musical instruments,musical_instruments_41.jpeg,https://images.pexels.com/photos/10406273/pexels-photo-10406273.jpeg?auto=compress&cs=tinysrgb&h=650&w=940,433,650,pexels
musical instruments,musical_instruments_42.jpeg,https://images.pexels.com/photos/7097458/pexels-photo-7097458.jpeg?auto=compress&cs=tinysrgb&h=650&w=940,433,650,pexels
musical instruments,musical_instruments_43.jpeg,https://images.pexels.com/photos/13454756/pexels-photo-13454756.jpeg?auto=compress&cs=tinysrgb&h=650&w=940,940,627,pexels
musical instruments,musical_instruments_44.jpeg,https://images.pexels.com/photos/9419246/pexels-photo-9419246.jpeg?auto=compress&cs=tinysrgb&h=650&w=940,940,627,pexels
musical instruments,musical_instruments_45.jpeg,https://images.pexels.com/photos/5648341/pexels-photo-5648341.jpeg?auto=compress&cs=tinysrgb&h=650&w=940,433,650,pexels
musical instruments,musical_instruments_46.jpeg,https://images.pexels.com/photos/7502588/pexels-photo-7502588.jpeg?auto=compress&cs=tinysrgb&h=650&w=940,940,627,pexels
musical instruments,musical_instruments_47.jpeg,https://images.pexels.com/photos/167636/pexels-photo-167636.jpeg?auto=compress&cs=tinysrgb&h=650&w=940,940,623,pexels
musical instruments,musical_instruments_48.jpeg,https://images.pexels.com/photos/7095727/pexels-photo-7095727.jpeg?auto=compress&cs=tinysrgb&h=650&w=940,940,627,pexels
musical instruments,musical_instruments_49.jpeg,https://images.pexels.com/photos/8535230/pexels-photo-8535230.jpeg?auto=compress&cs=tinysrgb&h=650&w=940,940,628,pexels
industrial machinery,industrial_machinery_0.jpeg,https://images.pexels.com/photos/5845964/pexels-photo-5845964.jpeg?auto=compress&cs=tinysrgb&h=650&w=940,940,627,pexels
industrial machinery,industrial_machinery_1.jpeg,https://images.pexels.com/photos/5894261/pexels-photo-5894261.jpeg?auto=compress&cs=tinysrgb&h=650&w=940,433,650,pexels
industrial machinery,industrial_machinery_2.jpeg,https://images.pexels.com/photos/30871012/pexels-photo-30871012.jpeg?auto=compress&cs=tinysrgb&h=650&w=940,520,650,pexels
industrial machinery,industrial_machinery_3.jpeg,https://images.pexels.com/photos/5846125/pexels-photo-5846125.jpeg?auto=compress&cs=tinysrgb&h=650&w=940,940,627,pexels
industrial machinery,industrial_machinery_4.jpeg,https://images.pexels.com/photos/5894229/pexels-photo-5894229.jpeg?auto=compress&cs=tinysrgb&h=650&w=940,940,627,pexels
industrial machinery,industrial_machinery_5.jpeg,https://images.pexels.com/photos/8626742/pexels-photo-8626742.jpeg?auto=compress&cs=tinysrgb&h=650&w=940,365,650,pexels
industrial machinery,industrial_machinery_6.jpeg,https://images.pexels.com/photos/929385/pexels-photo-929385.jpeg?auto=compress&cs=tinysrgb&h=650&w=940,446,650,pexels
industrial machinery,industrial_machinery_7.jpeg,https://images.pexels.com/photos/11827798/pexels-photo-11827798.jpeg?auto=compress&cs=tinysrgb&h=650&w=940,520,650,pexels
industrial machinery,industrial_machinery_8.jpeg,https://images.pexels.com/photos/9242924/pexels-photo-9242924.jpeg?auto=compress&cs=tinysrgb&h=650&w=940,940,627,pexels
industrial machinery,industrial_machinery_9.jpeg,https://images.pexels.com/photos/12604030/pexels-photo-12604030.jpeg?auto=compress&cs=tinysrgb&h=650&w=940,520,650,pexels
industrial machinery,industrial_machinery_10.jpeg,https://images.pexels.com/photos/1402923/pexels-photo-1402923.jpeg?auto=compress&cs=tinysrgb&h=650&w=940,940,627,pexels
industrial machinery,industrial_machinery_11.jpeg,https://images.pexels.com/photos/2965258/pexels-photo-2965258.jpeg?auto=compress&cs=tinysrgb&h=650&w=940,940,627,pexels
industrial machinery,industrial_machinery_12.jpeg,https://images.pexels.com/photos/5894236/pexels-photo-5894236.jpeg?auto=compress&cs=tinysrgb&h=650&w=940,433,650,pexels
industrial machinery,industrial_machinery_13.jpeg,https://images.pexels.com/photos/11363657/pexels-photo-11363657.jpeg?auto=compress&cs=tinysrgb&h=650&w=940,433,650,pexels
industrial machinery,industrial_machinery_14.jpeg,https://images.pexels.com/photos/3066795/pexels-photo-3066795.jpeg?auto=compress&cs=tinysrgb&h=650&w=940,940,628,pexels
industrial machinery,industrial_machinery_15.jpeg,https://images.pexels.com/photos/5894158/pexels-photo-5894158.jpeg?auto=compress&cs=tinysrgb&h=650&w=940,940,627,pexels
industrial machinery,industrial_machinery_16.jpeg,https://images.pexels.com/photos/1216544/pexels-photo-1216544.jpeg?auto=compress&cs=tinysrgb&h=650&w=940,940,627,pexels
industrial machinery,industrial_machinery_17.jpeg,https://images.pexels.com/photos/2927506/pexels-photo-2927506.jpeg?auto=compress&cs=tinysrgb&h=650&w=940,431,650,pexels
industrial machinery,industrial_machinery_18.jpeg,https://images.pexels.com/photos/33192/paddle-wheel-bucket-wheel-excavators-brown-coal-open-pit-mining.jpg?auto=compress&cs=tinysrgb&h=650&w=940,940,627,pexels
industrial machinery,industrial_machinery_19.jpeg,https://images.pexels.com/photos/6620973/pexels-photo-6620973.jpeg?auto=compress&cs=tinysrgb&h=650&w=940,433,650,pexels
industrial machinery,industrial_machinery_20.jpeg,https://images.pexels.com/photos/9242912/pexels-photo-9242912.jpeg?auto=compress&cs=tinysrgb&h=650&w=940,940,627,pexels
industrial machinery,industrial_machinery_21.jpeg,https://images.pexels.com/photos/3785930/pexels-photo-3785930.jpeg?auto=compress&cs=tinysrgb&h=650&w=940,940,625,pexels
industrial machinery,industrial_machinery_22.jpeg,https://images.pexels.com/photos/5894275/pexels-photo-5894275.jpeg?auto=compress&cs=tinysrgb&h=650&w=940,940,627,pexels
industrial machinery,industrial_machinery_23.jpeg,https://images.pexels.com/photos/5845951/pexels-photo-5845951.jpeg?auto=compress&cs=tinysrgb&h=650&w=940,940,627,pexels
industrial machinery,industrial_machinery_24.jpeg,https://images.pexels.com/photos/30977532/pexels-photo-30977532.jpeg?auto=compress&cs=tinysrgb&h=650&w=940,433,650,pexels
industrial machinery,industrial_machinery_25.jpeg,https://images.pexels.com/photos/3391492/pexels-photo-3391492.jpeg?auto=compress&cs=tinysrgb&h=650&w=940,488,650,pexels
industrial machinery,industrial_machinery_26.jpeg,https://images.pexels.com/photos/1188532/pexels-photo-1188532.jpeg?auto=compress&cs=tinysrgb&h=650&w=940,940,627,pexels
industrial machinery,industrial_machinery_27.jpeg,https://images.pexels.com/photos/73833/weld-hot-soldering-radio-welder-73833.jpeg?auto=compress&cs=tinysrgb&h=650&w=940,576,650,pexels
industrial machinery,industrial_machinery_28.jpeg,https://images.pexels.com/photos/30944328/pexels-photo-30944328.jpeg?auto=compress&cs=tinysrgb&h=650&w=940,940,627,pexels
industrial machinery,industrial_machinery_29.jpeg,https://images.pexels.com/photos/5894228/pexels-photo-5894228.jpeg?auto=compress&cs=tinysrgb&h=650&w=940,433,650,pexels
industrial machinery,industrial_machinery_30.jpeg,https://images.pexels.com/photos/9241703/pexels-photo-9241703.jpeg?auto=compress&cs=tinysrgb&h=650&w=940,940,627,pexels
industrial machinery,industrial_machinery_31.jpeg,https://images.pexels.com/photos/5532674/pexels-photo-5532674.jpeg?auto=compress&cs=tinysrgb&h=650&w=940,940,627,pexels
industrial machinery,industrial_machinery_32.jpeg,https://images.pexels.com/photos/188679/pexels-photo-188679.jpeg?auto=compress&cs=tinysrgb&h=650&w=940,940,627,pexels
industrial machinery,industrial_machinery_33.jpeg,https://images.pexels.com/photos/10039991/pexels-photo-10039991.jpeg?auto=compress&cs=tinysrgb&h=650&w=940,434,650,pexels
industrial machinery,industrial_machinery_34.jpeg,https://images.pexels.com/photos/60008/brown-coal-energy-garzweiler-bucket-wheel-excavators-60008.jpeg?auto=compress&cs=tinysrgb&h=650&w=940,433,650,pexels
industrial machinery,industrial_machinery_35.jpeg,https://images.pexels.com/photos/5894231/pexels-photo-5894231.jpeg?auto=compress&cs=tinysrgb&h=650&w=940,940,627,pexels
industrial machinery,industrial_machinery_36.jpeg,https://images.pexels.com/photos/5894237/pexels-photo-5894237.jpeg?auto=compress&cs=tinysrgb&h=650&w=940,433,650,pexels
industrial machinery,industrial_machinery_37.jpeg,https://images.pexels.com/photos/5894254/pexels-photo-5894254.jpeg?auto=compress&cs=tinysrgb&h=650&w=940,940,627,pexels
industrial machinery,industrial_machinery_38.jpeg,https://images.pexels.com/photos/3846042/pexels-photo-3846042.jpeg?auto=compress&cs=tinysrgb&h=650&w=940,940,627,pexels
industrial machinery,industrial_machinery_39.jpeg,https://images.pexels.com/photos/6620999/pexels-photo-6620999.jpeg?auto=compress&cs=tinysrgb&h=650&w=940,433,650,pexels
industrial machinery,industrial_machinery_40.jpeg,https://images.pexels.com/photos/5894227/pexels-photo-5894227.jpeg?auto=compress&cs=tinysrgb&h=650&w=940,433,650,pexels
industrial machinery,industrial_machinery_41.jpeg,https://images.pexels.com/photos/162595/industry-furnace-steel-factory-162595.jpeg?auto=compress&cs=tinysrgb&h=650&w=940,940,620,pexels
industrial machinery,industrial_machinery_42.jpeg,https://images.pexels.com/photos/5466161/pexels-photo-5466161.jpeg?auto=compress&cs=tinysrgb&h=650&w=940,433,650,pexels
industrial machinery,industrial_machinery_43.jpeg,https://images.pexels.com/photos/4816502/pexels-photo-4816502.jpeg?auto=compress&cs=tinysrgb&h=650&w=940,433,650,pexels
industrial machinery,industrial_machinery_44.jpeg,https://images.pexels.com/photos/1108101/pexels-photo-1108101.jpeg?auto=compress&cs=tinysrgb&h=650&w=940,940,626,pexels
industrial machinery,industrial_machinery_45.jpeg,https://images.pexels.com/photos/2568538/pexels-photo-2568538.jpeg?auto=compress&cs=tinysrgb&h=650&w=940,410,650,pexels
industrial machinery,industrial_machinery_46.jpeg,https://images.pexels.com/photos/3785927/pexels-photo-3785927.jpeg?auto=compress&cs=tinysrgb&h=650&w=940,940,625,pexels
industrial machinery,industrial_machinery_47.jpeg,https://images.pexels.com/photos/3785932/pexels-photo-3785932.jpeg?auto=compress&cs=tinysrgb&h=650&w=940,940,625,pexels
industrial machinery,industrial_machinery_48.jpeg,https://images.pexels.com/photos/7519501/pexels-photo-7519501.jpeg?auto=compress&cs=tinysrgb&h=650&w=940,433,650,pexels
industrial machinery,industrial_machinery_49.jpeg,https://images.pexels.com/photos/5846176/pexels-photo-5846176.jpeg?auto=compress&cs=tinysrgb&h=650&w=940,940,627,pexels
traditional costumes,traditional_costumes_0.jpeg,https://images.pexels.com/photos/13838162/pexels-photo-13838162.jpeg?auto=compress&cs=tinysrgb&h=650&w=940,940,627,pexels
traditional costumes,traditional_costumes_1.jpeg,https://images.pexels.com/photos/14831657/pexels-photo-14831657.jpeg?auto=compress&cs=tinysrgb&h=650&w=940,433,650,pexels
traditional costumes,traditional_costumes_2.jpeg,https://images.pexels.com/photos/30884730/pexels-photo-30884730.jpeg?auto=compress&cs=tinysrgb&h=650&w=940,940,627,pexels
traditional costumes,traditional_costumes_3.jpeg,https://images.pexels.com/photos/19181269/pexels-photo-19181269.jpeg?auto=compress&cs=tinysrgb&h=650&w=940,433,650,pexels
traditional costumes,traditional_costumes_4.jpeg,https://images.pexels.com/photos/5637816/pexels-photo-5637816.jpeg?auto=compress&cs=tinysrgb&h=650&w=940,940,627,pexels
traditional costumes,traditional_costumes_5.jpeg,https://images.pexels.com/photos/29628658/pexels-photo-29628658.jpeg?auto=compress&cs=tinysrgb&h=650&w=940,831,650,pexels
traditional costumes,traditional_costumes_6.jpeg,https://images.pexels.com/photos/8913197/pexels-photo-8913197.jpeg?auto=compress&cs=tinysrgb&h=650&w=940,940,529,pexels
traditional costumes,traditional_costumes_7.jpeg,https://images.pexels.com/photos/1143302/pexels-photo-1143302.jpeg?auto=compress&cs=tinysrgb&h=650&w=940,940,627,pexels
traditional costumes,traditional_costumes_8.jpeg,https://images.pexels.com/photos/30791194/pexels-photo-30791194.jpeg?auto=compress&cs=tinysrgb&h=650&w=940,433,650,pexels
traditional costumes,traditional_costumes_9.jpeg,https://images.pexels.com/photos/8159013/pexels-photo-8159013.jpeg?auto=compress&cs=tinysrgb&h=650&w=940,433,650,pexels
traditional costumes,traditional_costumes_10.jpeg,https://images.pexels.com/photos/30971688/pexels-photo-30971688.jpeg?auto=compress&cs=tinysrgb&h=650&w=940,940,627,pexels
traditional costumes,traditional_costumes_11.jpeg,https://images.pexels.com/photos/1587200/pexels-photo-1587200.jpeg?auto=compress&cs=tinysrgb&h=650&w=940,940,627,pexels
traditional costumes,traditional_costumes_12.jpeg,https://images.pexels.com/photos/8831426/pexels-photo-8831426.jpeg?auto=compress&cs=tinysrgb&h=650&w=940,940,627,pexels
traditional costumes,traditional_costumes_13.jpeg,https://images.pexels.com/photos/18420227/pexels-photo-18420227.jpeg?auto=compress&cs=tinysrgb&h=650&w=940,433,650,pexels
traditional costumes,traditional_costumes_14.jpeg,https://images.pexels.com/photos/29180562/pexels-photo-29180562.jpeg?auto=compress&cs=tinysrgb&h=650&w=940,650,650,pexels
traditional costumes,traditional_costumes_15.jpeg,https://images.pexels.com/photos/18139947/pexels-photo-18139947.jpeg?auto=compress&cs=tinysrgb&h=650&w=940,940,529,pexels
traditional costumes,traditional_costumes_16.jpeg,https://images.pexels.com/photos/29682415/pexels-photo-29682415.jpeg?auto=compress&cs=tinysrgb&h=650&w=940,650,650,pexels
traditional costumes,traditional_costumes_17.jpeg,https://images.pexels.com/photos/164859/pexels-photo-164859.jpeg?auto=compress&cs=tinysrgb&h=650&w=940,940,570,pexels
traditional costumes,traditional_costumes_18.jpeg,https://images.pexels.com/photos/8913237/pexels-photo-8913237.jpeg?auto=compress&cs=tinysrgb&h=650&w=940,940,627,pexels
traditional costumes,traditional_costumes_19.jpeg,https://images.pexels.com/photos/3453060/pexels-photo-3453060.jpeg?auto=compress&cs=tinysrgb&h=650&w=940,940,627,pexels
traditional costumes,traditional_costumes_20.jpeg,https://images.pexels.com/photos/3365379/pexels-photo-3365379.jpeg?auto=compress&cs=tinysrgb&h=650&w=940,433,650,pexels
traditional costumes,traditional_costumes_21.jpeg,https://images.pexels.com/photos/13905322/pexels-photo-13905322.jpeg?auto=compress&cs=tinysrgb&h=650&w=940,434,650,pexels
traditional costumes,traditional_costumes_22.jpeg,https://images.pexels.com/photos/27433167/pexels-photo-27433167.jpeg?auto=compress&cs=tinysrgb&h=650&w=940,400,650,pexels
traditional costumes,traditional_costumes_23.jpeg,https://images.pexels.com/photos/334068/pexels-photo-334068.jpeg?auto=compress&cs=tinysrgb&h=650&w=940,940,627,pexels
traditional costumes,traditional_costumes_24.jpeg,https://images.pexels.com/photos/8158958/pexels-photo-8158958.jpeg?auto=compress&cs=tinysrgb&h=650&w=940,433,650,pexels
traditional costumes,traditional_costumes_25.jpeg,https://images.pexels.com/photos/3337611/pexels-photo-3337611.jpeg?auto=compress&cs=tinysrgb&h=650&w=940,488,650,pexels
traditional costumes,traditional_costumes_26.jpeg,https://images.pexels.com/photos/1150357/pexels-photo-1150357.jpeg?auto=compress&cs=tinysrgb&h=650&w=940,940,628,pexels
traditional costumes,traditional_costumes_27.jpeg,https://images.pexels.com/photos/8913322/pexels-photo-8913322.jpeg?auto=compress&cs=tinysrgb&h=650&w=940,433,650,pexels
traditional costumes,traditional_costumes_28.jpeg,https://images.pexels.com/photos/15487956/pexels-photo-15487956.jpeg?auto=compress&cs=tinysrgb&h=650&w=940,433,650,pexels
traditional costumes,traditional_costumes_29.jpeg,https://images.pexels.com/photos/15738734/pexels-photo-15738734.jpeg?auto=compress&cs=tinysrgb&h=650&w=940,940,612,pexels
traditional costumes,traditional_costumes_30.jpeg,https://images.pexels.com/photos/1250653/pexels-photo-1250653.jpeg?auto=compress&cs=tinysrgb&h=650&w=940,940,627,pexels
traditional costumes,traditional_costumes_31.jpeg,https://images.pexels.com/photos/20260657/pexels-photo-20260657.jpeg?auto=compress&cs=tinysrgb&h=650&w=940,940,627,pexels
traditional costumes,traditional_costumes_32.jpeg,https://images.pexels.com/photos/5415418/pexels-photo-5415418.jpeg?auto=compress&cs=tinysrgb&h=650&w=940,940,627,pexels
traditional costumes,traditional_costumes_33.jpeg,https://images.pexels.com/photos/8913315/pexels-photo-8913315.jpeg?auto=compress&cs=tinysrgb&h=650&w=940,910,650,pexels
traditional costumes,traditional_costumes_34.jpeg,https://images.pexels.com/photos/31006845/pexels-photo-31006845.jpeg?auto=compress&cs=tinysrgb&h=650&w=940,940,627,pexels
traditional costumes,traditional_costumes_35.jpeg,https://images.pexels.com/photos/11682263/pexels-photo-11682263.jpeg?auto=compress&cs=tinysrgb&h=650&w=940,940,631,pexels
traditional costumes,traditional_costumes_36.jpeg,https://images.pexels.com/photos/13608092/pexels-photo-13608092.jpeg?auto=compress&cs=tinysrgb&h=650&w=940,433,650,pexels
traditional costumes,traditional_costumes_37.jpeg,https://images.pexels.com/photos/5859676/pexels-photo-5859676.jpeg?auto=compress&cs=tinysrgb&h=650&w=940,940,627,pexels
traditional costumes,traditional_costumes_38.jpeg,https://images.pexels.com/photos/29395432/pexels-photo-29395432.jpeg?auto=compress&cs=tinysrgb&h=650&w=940,433,650,pexels
traditional costumes,traditional_costumes_39.jpeg,https://images.pexels.com/photos/2663163/pexels-photo-2663163.jpeg?auto=compress&cs=tinysrgb&h=650&w=940,940,627,pexels
traditional costumes,traditional_costumes_40.jpeg,https://images.pexels.com/photos/6437402/pexels-photo-6437402.jpeg?auto=compress&cs=tinysrgb&h=650&w=940,940,627,pexels
traditional costumes,traditional_costumes_41.jpeg,https://images.pexels.com/photos/9480458/pexels-photo-9480458.jpeg?auto=compress&cs=tinysrgb&h=650&w=940,433,650,pexels
traditional costumes,traditional_costumes_42.jpeg,https://images.pexels.com/photos/28184039/pexels-photo-28184039.jpeg?auto=compress&cs=tinysrgb&h=650&w=940,867,650,pexels
traditional costumes,traditional_costumes_43.jpeg,https://images.pexels.com/photos/30978274/pexels-photo-30978274.jpeg?auto=compress&cs=tinysrgb&h=650&w=940,434,650,pexels
traditional costumes,traditional_costumes_44.jpeg,https://images.pexels.com/photos/9480463/pexels-photo-9480463.jpeg?auto=compress&cs=tinysrgb&h=650&w=940,940,627,pexels
traditional costumes,traditional_costumes_45.jpeg,https://images.pexels.com/photos/8958072/pexels-photo-8958072.jpeg?auto=compress&cs=tinysrgb&h=650&w=940,434,650,pexels
traditional costumes,traditional_costumes_46.jpeg,https://images.pexels.com/photos/29100769/pexels-photo-29100769.jpeg?auto=compress&cs=tinysrgb&h=650&w=940,940,627,pexels
traditional costumes,traditional_costumes_47.jpeg,https://images.pexels.com/photos/5604957/pexels-photo-5604957.jpeg?auto=compress&cs=tinysrgb&h=650&w=940,433,650,pexels
traditional costumes,traditional_costumes_48.jpeg,https://images.pexels.com/photos/31015748/pexels-photo-31015748.jpeg?auto=compress&cs=tinysrgb&h=650&w=940,940,627,pexels
traditional costumes,traditional_costumes_49.jpeg,https://images.pexels.com/photos/16987060/pexels-photo-16987060.jpeg?auto=compress&cs=tinysrgb&h=650&w=940,940,627,pexels
extreme weather,extreme_weather_0.jpeg,https://images.pexels.com/photos/9861432/pexels-photo-9861432.jpeg?auto=compress&cs=tinysrgb&h=650&w=940,432,650,pexels
extreme weather,extreme_weather_1.jpeg,https://images.pexels.com/photos/5949098/pexels-photo-5949098.jpeg?auto=compress&cs=tinysrgb&h=650&w=940,433,650,pexels
extreme weather,extreme_weather_2.jpeg,https://images.pexels.com/photos/25872585/pexels-photo-25872585.jpeg?auto=compress&cs=tinysrgb&h=650&w=940,488,650,pexels
extreme weather,extreme_weather_3.jpeg,https://images.pexels.com/photos/11605358/pexels-photo-11605358.jpeg?auto=compress&cs=tinysrgb&h=650&w=940,433,650,pexels
extreme weather,extreme_weather_4.jpeg,https://images.pexels.com/photos/13021192/pexels-photo-13021192.png?auto=compress&cs=tinysrgb&h=650&w=940,940,627,pexels
extreme weather,extreme_weather_5.jpeg,https://images.pexels.com/photos/209955/pexels-photo-209955.jpeg?auto=compress&cs=tinysrgb&h=650&w=940,940,528,pexels
extreme weather,extreme_weather_6.jpeg,https://images.pexels.com/photos/3565667/pexels-photo-3565667.jpeg?auto=compress&cs=tinysrgb&h=650&w=940,478,650,pexels
extreme weather,extreme_weather_7.jpeg,https://images.pexels.com/photos/6898626/pexels-photo-6898626.jpeg?auto=compress&cs=tinysrgb&h=650&w=940,813,650,pexels
extreme weather,extreme_weather_8.jpeg,https://images.pexels.com/photos/13223339/pexels-photo-13223339.jpeg?auto=compress&cs=tinysrgb&h=650&w=940,940,627,pexels
extreme weather,extreme_weather_9.jpeg,https://images.pexels.com/photos/998646/pexels-photo-998646.jpeg?auto=compress&cs=tinysrgb&h=650&w=940,940,627,pexels
extreme weather,extreme_weather_10.jpeg,https://images.pexels.com/photos/24778739/pexels-photo-24778739.jpeg?auto=compress&cs=tinysrgb&h=650&w=940,433,650,pexels
extreme weather,extreme_weather_11.jpeg,https://images.pexels.com/photos/219837/pexels-photo-219837.jpeg?auto=compress&cs=tinysrgb&h=650&w=940,940,629,pexels
extreme weather,extreme_weather_12.jpeg,https://images.pexels.com/photos/13203423/pexels-photo-13203423.jpeg?auto=compress&cs=tinysrgb&h=650&w=940,940,627,pexels
extreme weather,extreme_weather_13.jpeg,https://images.pexels.com/photos/21294098/pexels-photo-21294098.jpeg?auto=compress&cs=tinysrgb&h=650&w=940,940,626,pexels
extreme weather,extreme_weather_14.jpeg,https://images.pexels.com/photos/8904793/pexels-photo-8904793.jpeg?auto=compress&cs=tinysrgb&h=650&w=940,940,623,pexels
extreme weather,extreme_weather_15.jpeg,https://images.pexels.com/photos/2058758/pexels-photo-2058758.jpeg?auto=compress&cs=tinysrgb&h=650&w=940,650,650,pexels
extreme weather,extreme_weather_16.jpeg,https://images.pexels.com/photos/6831228/pexels-photo-6831228.jpeg?auto=compress&cs=tinysrgb&h=650&w=940,940,627,pexels
extreme weather,extreme_weather_17.jpeg,https://images.pexels.com/photos/8961533/pexels-photo-8961533.jpeg?auto=compress&cs=tinysrgb&h=650&w=940,520,650,pexels
extreme weather,extreme_weather_18.jpeg,https://images.pexels.com/photos/6141669/pexels-photo-6141669.jpeg?auto=compress&cs=tinysrgb&h=650&w=940,940,627,pexels
extreme weather,extreme_weather_19.jpeg,https://images.pexels.com/photos/1406903/pexels-photo-1406903.jpeg?auto=compress&cs=tinysrgb&h=650&w=940,488,650,pexels
extreme weather,extreme_weather_20.jpeg,https://images.pexels.com/photos/8318355/pexels-photo-8318355.jpeg?auto=compress&cs=tinysrgb&h=650&w=940,940,626,pexels
extreme weather,extreme_weather_21.jpeg,https://images.pexels.com/photos/2397611/pexels-photo-2397611.jpeg?auto=compress&cs=tinysrgb&h=650&w=940,940,627,pexels
extreme weather,extreme_weather_22.jpeg,https://images.pexels.com/photos/6881588/pexels-photo-6881588.jpeg?auto=compress&cs=tinysrgb&h=650&w=940,940,626,pexels
extreme weather,extreme_weather_23.jpeg,https://images.pexels.com/photos/4014882/pexels-photo-4014882.jpeg?auto=compress&cs=tinysrgb&h=650&w=940,940,627,pexels
extreme weather,extreme_weather_24.jpeg,https://images.pexels.com/photos/165281/pexels-photo-165281.jpeg?auto=compress&cs=tinysrgb&h=650&w=940,867,650,pexels
extreme weather,extreme_weather_25.jpeg,https://images.pexels.com/photos/464337/pexels-photo-464337.jpeg?auto=compress&cs=tinysrgb&h=650&w=940,940,627,pexels
extreme weather,extreme_weather_26.jpeg,https://images.pexels.com/photos/2926526/pexels-photo-2926526.jpeg?auto=compress&cs=tinysrgb&h=650&w=940,433,650,pexels
extreme weather,extreme_weather_27.jpeg,https://images.pexels.com/photos/17300137/pexels-photo-17300137.jpeg?auto=compress&cs=tinysrgb&h=650&w=940,433,650,pexels
extreme weather,extreme_weather_28.jpeg,https://images.pexels.com/photos/4014848/pexels-photo-4014848.jpeg?auto=compress&cs=tinysrgb&h=650&w=940,940,627,pexels
extreme weather,extreme_weather_29.jpeg,https://images.pexels.com/photos/3752611/pexels-photo-3752611.jpeg?auto=compress&cs=tinysrgb&h=650&w=940,487,650,pexels
extreme weather,extreme_weather_30.jpeg,https://images.pexels.com/photos/15413758/pexels-photo-15413758.jpeg?auto=compress&cs=tinysrgb&h=650&w=940,488,650,pexels
extreme weather,extreme_weather_31.jpeg,https://images.pexels.com/photos/1121538/pexels-photo-1121538.jpeg?auto=compress&cs=tinysrgb&h=650&w=940,940,626,pexels
extreme weather,extreme_weather_32.jpeg,https://images.pexels.com/photos/8768488/pexels-photo-8768488.jpeg?auto=compress&cs=tinysrgb&h=650&w=940,431,650,pexels
extreme weather,extreme_weather_33.jpeg,https://images.pexels.com/photos/3098796/pexels-photo-3098796.jpeg?auto=compress&cs=tinysrgb&h=650&w=940,940,627,pexels
extreme weather,extreme_weather_34.jpeg,https://images.pexels.com/photos/1119974/pexels-photo-1119974.jpeg?auto=compress&cs=tinysrgb&h=650&w=940,940,529,pexels
extreme weather,extreme_weather_35.jpeg,https://images.pexels.com/photos/1789492/pexels-photo-1789492.jpeg?auto=compress&cs=tinysrgb&h=650&w=940,940,627,pexels
extreme weather,extreme_weather_36.jpeg,https://images.pexels.com/photos/2406785/pexels-photo-2406785.jpeg?auto=compress&cs=tinysrgb&h=650&w=940,462,650,pexels
extreme weather,extreme_weather_37.jpeg,https://images.pexels.com/photos/2418664/pexels-photo-2418664.jpeg?auto=compress&cs=tinysrgb&h=650&w=940,940,627,pexels
extreme weather,extreme_weather_38.jpeg,https://images.pexels.com/photos/2994126/pexels-photo-2994126.jpeg?auto=compress&cs=tinysrgb&h=650&w=940,433,650,pexels
extreme weather,extreme_weather_39.jpeg,https://images.pexels.com/photos/6831121/pexels-photo-6831121.jpeg?auto=compress&cs=tinysrgb&h=650&w=940,940,627,pexels
extreme weather,extreme_weather_40.jpeg,https://images.pexels.com/photos/4596891/pexels-photo-4596891.jpeg?auto=compress&cs=tinysrgb&h=650&w=940,940,528,pexels
extreme weather,extreme_weather_41.jpeg,https://images.pexels.com/photos/917651/pexels-photo-917651.jpeg?auto=compress&cs=tinysrgb&h=650&w=940,940,627,pexels
extreme weather,extreme_weather_42.jpeg,https://images.pexels.com/photos/11776581/pexels-photo-11776581.jpeg?auto=compress&cs=tinysrgb&h=650&w=940,383,650,pexels
extreme weather,extreme_weather_43.jpeg,https://images.pexels.com/photos/8921671/pexels-photo-8921671.jpeg?auto=compress&cs=tinysrgb&h=650&w=940,940,627,pexels
extreme weather,extreme_weather_44.jpeg,https://images.pexels.com/photos/6396309/pexels-photo-6396309.jpeg?auto=compress&cs=tinysrgb&h=650&w=940,433,650,pexels
extreme weather,extreme_weather_45.jpeg,https://images.pexels.com/photos/15148433/pexels-photo-15148433.jpeg?auto=compress&cs=tinysrgb&h=650&w=940,940,627,pexels
extreme weather,extreme_weather_46.jpeg,https://images.pexels.com/photos/7406680/pexels-photo-7406680.jpeg?auto=compress&cs=tinysrgb&h=650&w=940,433,650,pexels
extreme weather,extreme_weather_47.jpeg,https://images.pexels.com/photos/4825689/pexels-photo-4825689.jpeg?auto=compress&cs=tinysrgb&h=650&w=940,433,650,pexels
extreme weather,extreme_weather_48.jpeg,https://images.pexels.com/photos/776973/pexels-photo-776973.jpeg?auto=compress&cs=tinysrgb&h=650&w=940,433,650,pexels
extreme weather,extreme_weather_49.jpeg,https://images.pexels.com/photos/7263805/pexels-photo-7263805.jpeg?auto=compress&cs=tinysrgb&h=650&w=940,940,627,pexels
children playing,children_playing_0.jpeg,https://images.pexels.com/photos/3933232/pexels-photo-3933232.jpeg?auto=compress&cs=tinysrgb&h=650&w=940,433,650,pexels
children playing,children_playing_1.jpeg,https://images.pexels.com/photos/4484894/pexels-photo-4484894.jpeg?auto=compress&cs=tinysrgb&h=650&w=940,434,650,pexels
children playing,children_playing_2.jpeg,https://images.pexels.com/photos/4148842/pexels-photo-4148842.jpeg?auto=compress&cs=tinysrgb&h=650&w=940,940,627,pexels
children playing,children_playing_3.jpeg,https://images.pexels.com/photos/31020139/pexels-photo-31020139.jpeg?auto=compress&cs=tinysrgb&h=650&w=940,488,650,pexels
children playing,children_playing_4.jpeg,https://images.pexels.com/photos/459051/pexels-photo-459051.jpeg?auto=compress&cs=tinysrgb&h=650&w=940,940,627,pexels
children playing,children_playing_5.jpeg,https://images.pexels.com/photos/3771674/pexels-photo-3771674.jpeg?auto=compress&cs=tinysrgb&h=650&w=940,433,650,pexels
children playing,children_playing_6.jpeg,https://images.pexels.com/photos/3619972/pexels-photo-3619972.jpeg?auto=compress&cs=tinysrgb&h=650&w=940,433,650,pexels
children playing,children_playing_7.jpeg,https://images.pexels.com/photos/2616865/pexels-photo-2616865.jpeg?auto=compress&cs=tinysrgb&h=650&w=940,940,639,pexels
children playing,children_playing_8.jpeg,https://images.pexels.com/photos/860538/pexels-photo-860538.jpeg?auto=compress&cs=tinysrgb&h=650&w=940,940,627,pexels
children playing,children_playing_9.jpeg,https://images.pexels.com/photos/296302/pexels-photo-296302.jpeg?auto=compress&cs=tinysrgb&h=650&w=940,940,623,pexels
children playing,children_playing_10.jpeg,https://images.pexels.com/photos/695953/pexels-photo-695953.jpeg?auto=compress&cs=tinysrgb&h=650&w=940,650,650,pexels
children playing,children_playing_11.jpeg,https://images.pexels.com/photos/3933276/pexels-photo-3933276.jpeg?auto=compress&cs=tinysrgb&h=650&w=940,433,650,pexels
children playing,children_playing_12.jpeg,https://images.pexels.com/photos/106684/pexels-photo-106684.jpeg?auto=compress&cs=tinysrgb&h=650&w=940,940,623,pexels
children playing,children_playing_13.jpeg,https://images.pexels.com/photos/1633417/pexels-photo-1633417.jpeg?auto=compress&cs=tinysrgb&h=650&w=940,940,625,pexels
children playing,children_playing_14.jpeg,https://images.pexels.com/photos/3661286/pexels-photo-3661286.jpeg?auto=compress&cs=tinysrgb&h=650&w=940,433,650,pexels
children playing,children_playing_15.jpeg,https://images.pexels.com/photos/3661389/pexels-photo-3661389.jpeg?auto=compress&cs=tinysrgb&h=650&w=940,940,627,pexels
children playing,children_playing_16.jpeg,https://images.pexels.com/photos/260175/pexels-photo-260175.jpeg?auto=compress&cs=tinysrgb&h=650&w=940,940,627,pexels
children playing,children_playing_17.jpeg,https://images.pexels.com/photos/3661267/pexels-photo-3661267.jpeg?auto=compress&cs=tinysrgb&h=650&w=940,433,650,pexels
children playing,children_playing_18.jpeg,https://images.pexels.com/photos/31018751/pexels-photo-31018751.jpeg?auto=compress&cs=tinysrgb&h=650&w=940,940,627,pexels
children playing,children_playing_19.jpeg,https://images.pexels.com/photos/3933229/pexels-photo-3933229.jpeg?auto=compress&cs=tinysrgb&h=650&w=940,433,650,pexels
children playing,children_playing_20.jpeg,https://images.pexels.com/photos/3933259/pexels-photo-3933259.jpeg?auto=compress&cs=tinysrgb&h=650&w=940,940,627,pexels
children playing,children_playing_21.jpeg,https://images.pexels.com/photos/3933030/pexels-photo-3933030.jpeg?auto=compress&cs=tinysrgb&h=650&w=940,940,627,pexels
children playing,children_playing_22.jpeg,https://images.pexels.com/photos/1149022/pexels-photo-1149022.jpeg?auto=compress&cs=tinysrgb&h=650&w=940,940,627,pexels
children playing,children_playing_23.jpeg,https://images.pexels.com/photos/4145356/pexels-photo-4145356.jpeg?auto=compress&cs=tinysrgb&h=650&w=940,434,650,pexels
children playing,children_playing_24.jpeg,https://images.pexels.com/photos/939702/pexels-photo-939702.jpeg?auto=compress&cs=tinysrgb&h=650&w=940,867,650,pexels
children playing,children_playing_25.jpeg,https://images.pexels.com/photos/4473629/pexels-photo-4473629.jpeg?auto=compress&cs=tinysrgb&h=650&w=940,461,650,pexels
children playing,children_playing_26.jpeg,https://images.pexels.com/photos/70448/sweden-children-girls-sled-70448.jpeg?auto=compress&cs=tinysrgb&h=650&w=940,699,650,pexels
children playing,children_playing_27.jpeg,https://images.pexels.com/photos/168866/pexels-photo-168866.jpeg?auto=compress&cs=tinysrgb&h=650&w=940,940,627,pexels
children playing,children_playing_28.jpeg,https://images.pexels.com/photos/590471/pexels-photo-590471.jpeg?auto=compress&cs=tinysrgb&h=650&w=940,538,650,pexels
children playing,children_playing_29.jpeg,https://images.pexels.com/photos/978695/pexels-photo-978695.jpeg?auto=compress&cs=tinysrgb&h=650&w=940,940,609,pexels
children playing,children_playing_30.jpeg,https://images.pexels.com/photos/2161681/pexels-photo-2161681.jpeg?auto=compress&cs=tinysrgb&h=650&w=940,940,627,pexels
children playing,children_playing_31.jpeg,https://images.pexels.com/photos/4473603/pexels-photo-4473603.jpeg?auto=compress&cs=tinysrgb&h=650&w=940,940,627,pexels
children playing,children_playing_32.jpeg,https://images.pexels.com/photos/3697601/pexels-photo-3697601.jpeg?auto=compress&cs=tinysrgb&h=650&w=940,940,627,pexels
children playing,children_playing_33.jpeg,https://images.pexels.com/photos/1231365/pexels-photo-1231365.jpeg?auto=compress&cs=tinysrgb&h=650&w=940,940,627,pexels
children playing,children_playing_34.jpeg,https://images.pexels.com/photos/3662800/pexels-photo-3662800.jpeg?auto=compress&cs=tinysrgb&h=650&w=940,433,650,pexels
children playing,children_playing_35.jpeg,https://images.pexels.com/photos/332974/pexels-photo-332974.jpeg?auto=compress&cs=tinysrgb&h=650&w=940,940,627,pexels
children playing,children_playing_36.jpeg,https://images.pexels.com/photos/3661194/pexels-photo-3661194.jpeg?auto=compress&cs=tinysrgb&h=650&w=940,940,627,pexels
children playing,children_playing_37.jpeg,https://images.pexels.com/photos/3273852/pexels-photo-3273852.jpeg?auto=compress&cs=tinysrgb&h=650&w=940,488,650,pexels
children playing,children_playing_38.jpeg,https://images.pexels.com/photos/4008800/pexels-photo-4008800.jpeg?auto=compress&cs=tinysrgb&h=650&w=940,940,627,pexels
children playing,children_playing_39.jpeg,https://images.pexels.com/photos/3036405/pexels-photo-3036405.jpeg?auto=compress&cs=tinysrgb&h=650&w=940,940,627,pexels
children playing,children_playing_40.jpeg,https://images.pexels.com/photos/3171293/pexels-photo-3171293.jpeg?auto=compress&cs=tinysrgb&h=650&w=940,434,650,pexels
children playing,children_playing_41.jpeg,https://images.pexels.com/photos/1275235/pexels-photo-1275235.jpeg?auto=compress&cs=tinysrgb&h=650&w=940,940,529,pexels
children playing,children_playing_42.jpeg,https://images.pexels.com/photos/3661386/pexels-photo-3661386.jpeg?auto=compress&cs=tinysrgb&h=650&w=940,433,650,pexels
children playing,children_playing_43.jpeg,https://images.pexels.com/photos/298825/pexels-photo-298825.jpeg?auto=compress&cs=tinysrgb&h=650&w=940,433,650,pexels
children playing,children_playing_44.jpeg,https://images.pexels.com/photos/50581/girls-children-kids-friends-50581.jpeg?auto=compress&cs=tinysrgb&h=650&w=940,940,627,pexels
children playing,children_playing_45.jpeg,https://images.pexels.com/photos/4491661/pexels-photo-4491661.jpeg?auto=compress&cs=tinysrgb&h=650&w=940,433,650,pexels
children playing,children_playing_46.jpeg,https://images.pexels.com/photos/2253896/pexels-photo-2253896.jpeg?auto=compress&cs=tinysrgb&h=650&w=940,940,628,pexels
children playing,children_playing_47.jpeg,https://images.pexels.com/photos/3933236/pexels-photo-3933236.jpeg?auto=compress&cs=tinysrgb&h=650&w=940,433,650,pexels
children playing,children_playing_48.jpeg,https://images.pexels.com/photos/1729927/pexels-photo-1729927.jpeg?auto=compress&cs=tinysrgb&h=650&w=940,940,627,pexels
children playing,children_playing_49.jpeg,https://images.pexels.com/photos/2701585/pexels-photo-2701585.jpeg?auto=compress&cs=tinysrgb&h=650&w=940,940,627,pexels
medical science,medical_science_0.jpeg,https://images.pexels.com/photos/8442441/pexels-photo-8442441.jpeg?auto=compress&cs=tinysrgb&h=650&w=940,940,627,pexels
medical science,medical_science_1.jpeg,https://images.pexels.com/photos/8940462/pexels-photo-8940462.jpeg?auto=compress&cs=tinysrgb&h=650&w=940,940,627,pexels
medical science,medical_science_2.jpeg,https://images.pexels.com/photos/6627659/pexels-photo-6627659.jpeg?auto=compress&cs=tinysrgb&h=650&w=940,433,650,pexels
medical science,medical_science_3.jpeg,https://images.pexels.com/photos/9243513/pexels-photo-9243513.jpeg?auto=compress&cs=tinysrgb&h=650&w=940,940,627,pexels
medical science,medical_science_4.jpeg,https://images.pexels.com/photos/356040/pexels-photo-356040.jpeg?auto=compress&cs=tinysrgb&h=650&w=940,940,627,pexels
medical science,medical_science_5.jpeg,https://images.pexels.com/photos/2280571/pexels-photo-2280571.jpeg?auto=compress&cs=tinysrgb&h=650&w=940,940,628,pexels
medical science,medical_science_6.jpeg,https://images.pexels.com/photos/6629400/pexels-photo-6629400.jpeg?auto=compress&cs=tinysrgb&h=650&w=940,940,627,pexels
medical science,medical_science_7.jpeg,https://images.pexels.com/photos/30974312/pexels-photo-30974312.jpeg?auto=compress&cs=tinysrgb&h=650&w=940,488,650,pexels
medical science,medical_science_8.jpeg,https://images.pexels.com/photos/8940467/pexels-photo-8940467.jpeg?auto=compress&cs=tinysrgb&h=650&w=940,940,627,pexels
medical science,medical_science_9.jpeg,https://images.pexels.com/photos/3908182/pexels-photo-3908182.jpeg?auto=compress&cs=tinysrgb&h=650&w=940,373,650,pexels
medical science,medical_science_10.jpeg,https://images.pexels.com/photos/248152/pexels-photo-248152.jpeg?auto=compress&cs=tinysrgb&h=650&w=940,940,627,pexels
medical science,medical_science_11.jpeg,https://images.pexels.com/photos/8533040/pexels-photo-8533040.jpeg?auto=compress&cs=tinysrgb&h=650&w=940,940,529,pexels
medical science,medical_science_12.jpeg,https://images.pexels.com/photos/2280568/pexels-photo-2280568.jpeg?auto=compress&cs=tinysrgb&h=650&w=940,940,628,pexels
medical science,medical_science_13.jpeg,https://images.pexels.com/photos/9629677/pexels-photo-9629677.jpeg?auto=compress&cs=tinysrgb&h=650&w=940,940,627,pexels
medical science,medical_science_14.jpeg,https://images.pexels.com/photos/8863039/pexels-photo-8863039.jpeg?auto=compress&cs=tinysrgb&h=650&w=940,434,650,pexels
medical science,medical_science_15.jpeg,https://images.pexels.com/photos/6627687/pexels-photo-6627687.jpeg?auto=compress&cs=tinysrgb&h=650&w=940,940,627,pexels
medical science,medical_science_16.jpeg,https://images.pexels.com/photos/7230883/pexels-photo-7230883.jpeg?auto=compress&cs=tinysrgb&h=650&w=940,940,627,pexels
medical science,medical_science_17.jpeg,https://images.pexels.com/photos/6074918/pexels-photo-6074918.jpeg?auto=compress&cs=tinysrgb&h=650&w=940,433,650,pexels
medical science,medical_science_18.jpeg,https://images.pexels.com/photos/7089402/pexels-photo-7089402.jpeg?auto=compress&cs=tinysrgb&h=650&w=940,433,650,pexels
medical science,medical_science_19.jpeg,https://images.pexels.com/photos/9574341/pexels-photo-9574341.jpeg?auto=compress&cs=tinysrgb&h=650&w=940,940,627,pexels
medical science,medical_science_20.jpeg,https://images.pexels.com/photos/7089017/pexels-photo-7089017.jpeg?auto=compress&cs=tinysrgb&h=650&w=940,940,627,pexels
medical science,medical_science_21.jpeg,https://images.pexels.com/photos/139398/thermometer-headache-pain-pills-139398.jpeg?auto=compress&cs=tinysrgb&h=650&w=940,940,627,pexels
medical science,medical_science_22.jpeg,https://images.pexels.com/photos/8533035/pexels-photo-8533035.jpeg?auto=compress&cs=tinysrgb&h=650&w=940,940,529,pexels
medical science,medical_science_23.jpeg,https://images.pexels.com/photos/9574421/pexels-photo-9574421.jpeg?auto=compress&cs=tinysrgb&h=650&w=940,940,627,pexels
medical science,medical_science_24.jpeg,https://images.pexels.com/photos/256262/pexels-photo-256262.jpeg?auto=compress&cs=tinysrgb&h=650&w=940,940,624,pexels
medical science,medical_science_25.jpeg,https://images.pexels.com/photos/7723357/pexels-photo-7723357.jpeg?auto=compress&cs=tinysrgb&h=650&w=940,940,627,pexels
medical science,medical_science_26.jpeg,https://images.pexels.com/photos/6234986/pexels-photo-6234986.jpeg?auto=compress&cs=tinysrgb&h=650&w=940,940,627,pexels
medical science,medical_science_27.jpeg,https://images.pexels.com/photos/7723513/pexels-photo-7723513.jpeg?auto=compress&cs=tinysrgb&h=650&w=940,433,650,pexels
medical science,medical_science_28.jpeg,https://images.pexels.com/photos/6234981/pexels-photo-6234981.jpeg?auto=compress&cs=tinysrgb&h=650&w=940,433,650,pexels
medical science,medical_science_29.jpeg,https://images.pexels.com/photos/8851791/pexels-photo-8851791.jpeg?auto=compress&cs=tinysrgb&h=650&w=940,434,650,pexels
medical science,medical_science_30.jpeg,https://images.pexels.com/photos/207496/pexels-photo-207496.jpeg?auto=compress&cs=tinysrgb&h=650&w=940,541,650,pexels
medical science,medical_science_31.jpeg,https://images.pexels.com/photos/5723880/pexels-photo-5723880.jpeg?auto=compress&cs=tinysrgb&h=650&w=940,940,627,pexels
medical science,medical_science_32.jpeg,https://images.pexels.com/photos/8413341/pexels-photo-8413341.jpeg?auto=compress&cs=tinysrgb&h=650&w=940,433,650,pexels
medical science,medical_science_33.jpeg,https://images.pexels.com/photos/5721684/pexels-photo-5721684.jpeg?auto=compress&cs=tinysrgb&h=650&w=940,940,627,pexels
medical science,medical_science_34.jpeg,https://images.pexels.com/photos/7230174/pexels-photo-7230174.jpeg?auto=compress&cs=tinysrgb&h=650&w=940,940,627,pexels
medical science,medical_science_35.jpeg,https://images.pexels.com/photos/5994788/pexels-photo-5994788.jpeg?auto=compress&cs=tinysrgb&h=650&w=940,433,650,pexels
medical science,medical_science_36.jpeg,https://images.pexels.com/photos/4176846/pexels-photo-4176846.jpeg?auto=compress&cs=tinysrgb&h=650&w=940,434,650,pexels
medical science,medical_science_37.jpeg,https://images.pexels.com/photos/8413091/pexels-photo-8413091.jpeg?auto=compress&cs=tinysrgb&h=650&w=940,441,650,pexels
medical science,medical_science_38.jpeg,https://images.pexels.com/photos/5995305/pexels-photo-5995305.jpeg?auto=compress&cs=tinysrgb&h=650&w=940,433,650,pexels
medical science,medical_science_39.jpeg,https://images.pexels.com/photos/5452204/pexels-photo-5452204.jpeg?auto=compress&cs=tinysrgb&h=650&w=940,940,627,pexels
medical science,medical_science_40.jpeg,https://images.pexels.com/photos/8830631/pexels-photo-8830631.jpeg?auto=compress&cs=tinysrgb&h=650&w=940,940,627,pexels
medical science,medical_science_41.jpeg,https://images.pexels.com/photos/4031418/pexels-photo-4031418.jpeg?auto=compress&cs=tinysrgb&h=650&w=940,433,650,pexels
medical science,medical_science_42.jpeg,https://images.pexels.com/photos/3825444/pexels-photo-3825444.jpeg?auto=compress&cs=tinysrgb&h=650&w=940,464,650,pexels
medical science,medical_science_43.jpeg,https://images.pexels.com/photos/5995153/pexels-photo-5995153.jpeg?auto=compress&cs=tinysrgb&h=650&w=940,940,627,pexels
medical science,medical_science_44.jpeg,https://images.pexels.com/photos/7722852/pexels-photo-7722852.jpeg?auto=compress&cs=tinysrgb&h=650&w=940,940,627,pexels
medical science,medical_science_45.jpeg,https://images.pexels.com/photos/8538594/pexels-photo-8538594.jpeg?auto=compress&cs=tinysrgb&h=650&w=940,940,627,pexels
medical science,medical_science_46.jpeg,https://images.pexels.com/photos/6129881/pexels-photo-6129881.jpeg?auto=compress&cs=tinysrgb&h=650&w=940,940,627,pexels
medical science,medical_science_47.jpeg,https://images.pexels.com/photos/6629390/pexels-photo-6629390.jpeg?auto=compress&cs=tinysrgb&h=650&w=940,940,627,pexels
medical science,medical_science_48.jpeg,https://images.pexels.com/photos/7231210/pexels-photo-7231210.jpeg?auto=compress&cs=tinysrgb&h=650&w=940,433,650,pexels
medical science,medical_science_49.jpeg,https://images.pexels.com/photos/3845129/pexels-photo-3845129.jpeg?auto=compress&cs=tinysrgb&h=650&w=940,940,627,pexels
